pmid	criterion	automated	manual	coder2	final
39614330	C3_power_stability	0	0	0	0
38783236	C3_power_stability	0	0	0	0
41216857	C3_power_stability	1	1	1	1
40463915	C3_power_stability	1	0	0	0
42292469	C1_known_locus	0	0	0	0
41415264	C1_known_locus	0	0	0	0
38783236	C1_known_locus	1	0	0	0
41104896	C3_power_stability	0	0	0	0
40116326	C3_power_stability	0	0	0	0
41165397	C3_power_stability	1	0	0	0
42033474	C3_power_stability	0	0	0	0
41528614	C3_power_stability	0	0	0	0
42232515	C1_known_locus	0	0	0	0
41029778	C1_known_locus	0	0	0	0
40638267	C1_known_locus	0	0	0	0
40116326	C1_known_locus	0	0	0	0
41143248	C3_power_stability	0	0	0	0
39354406	C3_power_stability	1	1	1	1
41499168	C3_power_stability	0	0	0	0
42292469	C3_power_stability	0	0	0	0
40638267	C3_power_stability	1	0	0	0
42445075	C1_known_locus	0	0	0	0
40495162	C3_power_stability	1	0	0	0
42116389	C3_power_stability	1	0	0	0
38735387	C3_power_stability	0	0	0	0
41650073	C1_known_locus	0	0	0	0
39794838	C1_known_locus	0	0	0	0
41650073	C3_power_stability	1	0	0	0
40771899	C3_power_stability	0	0	0	0
40771899	C1_known_locus	0	0	0	0
42232515	C3_power_stability	0	0	0	0
40653482	C1_known_locus	1	1	0	0
39799347	C1_known_locus	0	0	0	0
40775364	C1_known_locus	0	0	0	0
42116389	C1_known_locus	0	0	0	0
41845457	C1_known_locus	0	0	0	0
40653482	C3_power_stability	1	0	0	0
41288822	C3_power_stability	0	0	0	0
42022794	C3_power_stability	0	0	0	0
41143248	C1_known_locus	0	0	0	0
42033474	C1_known_locus	0	0	0	0
40095250	C1_known_locus	0	0	0	0
42305302	C3_power_stability	0	0	0	0
39833228	C1_known_locus	0	0	0	0
38316767	C1_known_locus	1	0	0	0
39076991	C1_known_locus	0	0	0	0
39933264	C3_power_stability	1	0	1	1
38735387	C1_known_locus	0	0	0	0
39130628	C3_power_stability	0	0	0	0
39076991	C3_power_stability	0	0	0	0
41603583	C1_known_locus	1	0	0	0
41288822	C1_known_locus	0	0	0	0
40629249	C3_power_stability	0	0	0	0
39130628	C1_known_locus	0	0	0	0
41603583	C3_power_stability	0	0	0	0
40087664	C3_power_stability	1	0	0	0
39614330	C1_known_locus	0	0	0	0
41310897	C1_known_locus	0	0	0	0
39799347	C3_power_stability	0	0	0	0
41165397	C1_known_locus	0	0	0	0
42089751	C3_power_stability	1	0	0	0
41415264	C3_power_stability	0	0	0	0
41499168	C1_known_locus	0	0	0	0
40495162	C1_known_locus	1	0	0	0
39354406	C1_known_locus	0	0	0	0
39933264	C1_known_locus	0	0	0	0
41778435	C3_power_stability	0	0	0	0
42563458	C1_known_locus	0	0	0	0
41216857	C1_known_locus	0	0	0	0
42089751	C1_known_locus	0	0	0	0
42022794	C1_known_locus	0	0	0	0
40095250	C3_power_stability	0	0	0	0
41310897	C3_power_stability	1	0	0	0
40248742	C3_power_stability	0	0	0	0
40131544	C1_known_locus	0	0	0	0
39833228	C3_power_stability	0	0	0	0
40248742	C1_known_locus	0	0	0	0
39794838	C3_power_stability	1	0	0	0
40131544	C3_power_stability	0	0	0	0
42445075	C3_power_stability	0	0	0	0
41029778	C3_power_stability	0	0	0	0
41778435	C1_known_locus	0	0	0	0
38316767	C3_power_stability	1	0	0	0
40775364	C3_power_stability	0	0	0	0
42305302	C1_known_locus	0	0	0	0
41104896	C1_known_locus	0	0	0	0
40629249	C1_known_locus	0	0	0	0
42563458	C3_power_stability	0	0	0	0
40463915	C1_known_locus	0	0	0	0
41845457	C3_power_stability	0	0	0	0
40087664	C1_known_locus	0	0	0	0
41528614	C1_known_locus	0	0	0	0
