study_label	dataset_id	sample_group	condition_label	sample_size
Schmiedel_2018	QTD000484	CD4_T-cell_anti-CD3-CD28	anti-CD3-CD28_4h	89
Schmiedel_2018	QTD000494	CD8_T-cell_anti-CD3-CD28	anti-CD3-CD28_4h	88
Nathan_2022	QTD000666	CD4+_activated	naive	147
Nathan_2022	QTD000684	CD8+_activated	naive	42
Cytoimmgen	QTD000690	combined_CD4_Naive_STIM_40H	anti-CD3-CD28_40h	94
Cytoimmgen	QTD000691	combined_CD4_Memory_STIM_40H	anti-CD3-CD28_40h	93
Cytoimmgen	QTD000692	combined_CD4_Memory_STIM_5D	anti-CD3-CD28_5D	93
Cytoimmgen	QTD000693	combined_CD4_Naive_STIM_16H	anti-CD3-CD28_16h	99
Cytoimmgen	QTD000695	combined_CD4_Memory_STIM_16H	anti-CD3-CD28_16h	95
Cytoimmgen	QTD000696	combined_CD4_Naive_STIM_5D	anti-CD3-CD28_5D	88
Cytoimmgen	QTD000698	TEM_STIM_16H	anti-CD3-CD28_16h	89
Cytoimmgen	QTD000701	TEM_STIM_5D	anti-CD3-CD28_5D	92
Cytoimmgen	QTD000702	TN2_Lowly_Active_STIM_16H	anti-CD3-CD28_16h	66
Cytoimmgen	QTD000703	nTreg_STIM_40H	anti-CD3-CD28_40h	90
Cytoimmgen	QTD000704	TEM_STIM_40H	anti-CD3-CD28_40h	90
Cytoimmgen	QTD000706	TN_STIM_5D	anti-CD3-CD28_5D	92
Cytoimmgen	QTD000708	TCM_STIM_40H	anti-CD3-CD28_40h	91
Cytoimmgen	QTD000709	TEM_HLA+_STIM_40H	anti-CD3-CD28_40h	72
Cytoimmgen	QTD000711	TN_HSP_STIM_5D	anti-CD3-CD28_5D	80
Cytoimmgen	QTD000712	TN_A_STIM_16H	anti-CD3-CD28_16h	99
Cytoimmgen	QTD000713	T_NFKB_STIM_16H	anti-CD3-CD28_16h	96
Cytoimmgen	QTD000715	TCM1_Lowly_Active_STIM_16H	anti-CD3-CD28_16h	71
Cytoimmgen	QTD000716	TCM_STIM_5D	anti-CD3-CD28_5D	94
Cytoimmgen	QTD000717	TN_NFKB_STIM_5D	anti-CD3-CD28_5D	93
Cytoimmgen	QTD000718	TN_B_STIM_16H	anti-CD3-CD28_16h	97
Cytoimmgen	QTD000721	nTreg_STIM_16H	anti-CD3-CD28_16h	80
Cytoimmgen	QTD000723	TN2_STIM_16H	anti-CD3-CD28_16h	97
Cytoimmgen	QTD000724	TEM_Lowly_Active_STIM_40H	anti-CD3-CD28_40h	57
Cytoimmgen	QTD000726	TCM_STIM_16H	anti-CD3-CD28_16h	99
Cytoimmgen	QTD000727	TN_cycling_STIM_5D	anti-CD3-CD28_5D	93
Cytoimmgen	QTD000728	TN_IFN_STIM_5D	anti-CD3-CD28_5D	90
Cytoimmgen	QTD000729	TM_cycling_STIM_5D	anti-CD3-CD28_5D	70
Cytoimmgen	QTD000730	TEM_HLA+_STIM_5D	anti-CD3-CD28_5D	79
Cytoimmgen	QTD000732	TM_ER-stress_STIM_40H	anti-CD3-CD28_40h	61
Cytoimmgen	QTD000733	TN1_STIM_40H	anti-CD3-CD28_40h	95
Cytoimmgen	QTD000735	TN2_STIM_40H	anti-CD3-CD28_40h	93
Cytoimmgen	QTD000737	TN_IFN_STIM_40H	anti-CD3-CD28_40h	93
Cytoimmgen	QTD000738	TN_cycling_STIM_40H	anti-CD3-CD28_40h	86
Cytoimmgen	QTD000741	TN_C_STIM_16H	anti-CD3-CD28_16h	99
Cytoimmgen	QTD000742	TEM_Lowly_Active_STIM_16H	anti-CD3-CD28_16h	83
Cytoimmgen	QTD000743	T_ER-stress_STIM_5D	anti-CD3-CD28_5D	93
Cytoimmgen	QTD000744	TCM2_Lowly_Active_STIM_40H	anti-CD3-CD28_40h	62
Cytoimmgen	QTD000749	TN-TCM_CXCR4+_STIM_40H	anti-CD3-CD28_40h	64
Cytoimmgen	QTD000751	TN1_Lowly_Active_STIM_16H	anti-CD3-CD28_16h	84
IBDverse	QTD000769	CD4+_CRM_Naive	naive	230
IBDverse	QTD000770	CD4+_CRM	naive	133
IBDverse	QTD000771	CD8+_EM_THEMIS+	naive	86
IBDverse	QTD000772	CD8+_EM_TIGIT+	naive	79
IBDverse	QTD000780	CD4+_Treg	naive	149
IBDverse	QTD000781	CD4+_memory	naive	318
IBDverse	QTD000783	CD8+_Naive	naive	144
IBDverse	QTD000823	CD4+_PASK	naive	286
IBDverse	QTD000824	Tissue_CD4+_Treg	naive	173
IBDverse	QTD000825	CD4+_memory_CXCR6+	naive	295
IBDverse	QTD000826	CD8+_TRM_TGCR2+	naive	339
Cytoimmgen_reannotated	QTD000902	Cycling_T_cells_STIM_40H	anti-CD3-CD28_40H	94
Cytoimmgen_reannotated	QTD000903	Cycling_T_cells_STIM_5D	anti-CD3-CD28_5D	91
Cytoimmgen_reannotated	QTD000904	Regulatory_T_cells_STIM_16H	anti-CD3-CD28_16H	97
Cytoimmgen_reannotated	QTD000905	Regulatory_T_cells_STIM_40H	anti-CD3-CD28_40H	95
Cytoimmgen_reannotated	QTD000906	Regulatory_T_cells_STIM_5D	anti-CD3-CD28_5D	94
Cytoimmgen_reannotated	QTD000911	Tcm_Naive_helper_T_cells_STIM_16H	anti-CD3-CD28_16H	99
Cytoimmgen_reannotated	QTD000912	Tcm_Naive_helper_T_cells_STIM_40H	anti-CD3-CD28_40H	84
Cytoimmgen_reannotated	QTD000913	Tcm_Naive_helper_T_cells_STIM_5D	anti-CD3-CD28_5D	84
Cytoimmgen_reannotated	QTD000915	Tem_Effector_helper_T_cells_STIM_16H	anti-CD3-CD28_16H	59
Randolph_2021	QTD000588	CD4_T_flu	Influenza_6h	89
Randolph_2021	QTD000590	CD8_T_flu	Influenza_6h	88
Randolph_2021_reannotated	QTD000852	Regulatory_T_cells_flu	Influenza_6h	79
Randolph_2021_reannotated	QTD000854	Tcm_Naive_cytotoxic_T_cells_flu	Influenza_6h	72
Randolph_2021_reannotated	QTD000856	Tcm_Naive_helper_T_cells_flu	Influenza_6h	89
Randolph_2021_reannotated	QTD000858	Tem_Effector_helper_T_cells_flu	Influenza_6h	89
Randolph_2021_reannotated	QTD000860	Tem_Temra_cytotoxic_T_cells_flu	Influenza_6h	59
Randolph_2021_reannotated	QTD000862	Tem_Trm_cytotoxic_T_cells_flu	Influenza_6h	75
Cytoimmgen_reannotated	QTD000907	Regulatory_T_cells_UNS_16H	naive_16H	96
Cytoimmgen_reannotated	QTD000914	Tcm_Naive_helper_T_cells_UNS_16H	naive_16H	106
Cytoimmgen_reannotated	QTD000916	Tem_Effector_helper_T_cells_UNS_16H	naive_16H	93
