id.exposure	id.outcome	outcome	exposure	method	Q	Q_df	Q_pval
ENSG00000174749|CD4_Naive_stim_40h	finngen_rashkin_meta	Melanoma_meta	ENSG00000174749|CD4_Naive_stim_40h	Inverse variance weighted	1.09082500695213	5	0.954912575477302
ENSG00000180992|CD4_Naive_stim_16h	finngen_rashkin_meta	Melanoma_meta	ENSG00000180992|CD4_Naive_stim_16h	Inverse variance weighted	1.25963655428292	5	0.939029724966641
ENSG00000254635|CD4_Memory_stim_5d	finngen_rashkin_meta	Melanoma_meta	ENSG00000254635|CD4_Memory_stim_5d	Inverse variance weighted	1.11880498649771	2	0.571550467105999
ENSG00000155542|CD4_Memory_stim_16h	finngen_rashkin_meta	Melanoma_meta	ENSG00000155542|CD4_Memory_stim_16h	Inverse variance weighted	1.91739934234919	2	0.383391096480329
ENSG00000131507|CD4_Naive_stim_5d	finngen_rashkin_meta	Melanoma_meta	ENSG00000131507|CD4_Naive_stim_5d	Inverse variance weighted	3.37504323840608	3	0.33733384773201
ENSG00000155158|CD4_Memory_stim_5d	finngen_rashkin_meta	Melanoma_meta	ENSG00000155158|CD4_Memory_stim_5d	Inverse variance weighted	3.99700514774323	3	0.261787701532502
ENSG00000155158|CD4_Naive_stim_5d	finngen_rashkin_meta	Melanoma_meta	ENSG00000155158|CD4_Naive_stim_5d	Inverse variance weighted	2.62564918342481	3	0.4530106470696
ENSG00000064201|CD4_Memory_stim_40h	finngen_rashkin_meta	Melanoma_meta	ENSG00000064201|CD4_Memory_stim_40h	Inverse variance weighted	4.51440514546718	3	0.211008974674913
ENSG00000177465|CD4_Naive_uns_0h	finngen_rashkin_meta	Melanoma_meta	ENSG00000177465|CD4_Naive_uns_0h	Inverse variance weighted	4.85751681649486	5	0.433515525694104
ENSG00000165898|CD4_Memory_stim_40h	finngen_rashkin_meta	Melanoma_meta	ENSG00000165898|CD4_Memory_stim_40h	Inverse variance weighted	1.56446126432007	2	0.457384615716491
ENSG00000211812|CD4_Naive_stim_40h	finngen_rashkin_meta	Melanoma_meta	ENSG00000211812|CD4_Naive_stim_40h	Inverse variance weighted	9.99266151943005	5	0.0754434459651711
ENSG00000165410|CD4_Naive_uns_0h	finngen_rashkin_meta	Melanoma_meta	ENSG00000165410|CD4_Naive_uns_0h	Inverse variance weighted	2.78967124718426	5	0.732373132028775
ENSG00000116771|CD4_Naive_stim_16h	finngen_rashkin_meta	Melanoma_meta	ENSG00000116771|CD4_Naive_stim_16h	Inverse variance weighted	5.40040466710655	2	0.0671919161851234
ENSG00000163599|CD4_Naive_stim_16h	finngen_rashkin_meta	Melanoma_meta	ENSG00000163599|CD4_Naive_stim_16h	Inverse variance weighted	5.57538117849355	4	0.233182446629006
ENSG00000180992|CD4_Memory_stim_16h	finngen_rashkin_meta	Melanoma_meta	ENSG00000180992|CD4_Memory_stim_16h	Inverse variance weighted	5.27157199640233	4	0.260549952483126
ENSG00000180992|CD4_Naive_stim_40h	finngen_rashkin_meta	Melanoma_meta	ENSG00000180992|CD4_Naive_stim_40h	Inverse variance weighted	5.2365793260835	3	0.155271006308147
ENSG00000130414|CD4_Naive_uns_0h	finngen_rashkin_meta	Melanoma_meta	ENSG00000130414|CD4_Naive_uns_0h	Inverse variance weighted	2.11104194952805	5	0.833576756888576
ENSG00000115816|CD4_Memory_stim_40h	finngen_rashkin_meta	Melanoma_meta	ENSG00000115816|CD4_Memory_stim_40h	Inverse variance weighted	5.05963608044948	2	0.0796735163421361
ENSG00000136732|CD4_Naive_uns_0h	finngen_rashkin_meta	Melanoma_meta	ENSG00000136732|CD4_Naive_uns_0h	Inverse variance weighted	5.22505310468207	6	0.515289416571319
ENSG00000074935|CD4_Naive_stim_40h	finngen_rashkin_meta	Melanoma_meta	ENSG00000074935|CD4_Naive_stim_40h	Inverse variance weighted	1.52255120720475	3	0.677075389354761
ENSG00000164597|CD4_Naive_uns_0h	finngen_rashkin_meta	Melanoma_meta	ENSG00000164597|CD4_Naive_uns_0h	Inverse variance weighted	3.51871207840763	2	0.172155689650452
ENSG00000158525|CD4_Naive_stim_16h	finngen_rashkin_meta	Melanoma_meta	ENSG00000158525|CD4_Naive_stim_16h	Inverse variance weighted	2.19541355081955	4	0.699869045659486
ENSG00000158525|CD4_Naive_stim_40h	finngen_rashkin_meta	Melanoma_meta	ENSG00000158525|CD4_Naive_stim_40h	Inverse variance weighted	5.14135826486833	6	0.525815068088862
ENSG00000158525|CD4_Naive_stim_5d	finngen_rashkin_meta	Melanoma_meta	ENSG00000158525|CD4_Naive_stim_5d	Inverse variance weighted	5.6522096268474	6	0.463254264038899
ENSG00000100410|CD4_Memory_stim_40h	finngen_rashkin_meta	Melanoma_meta	ENSG00000100410|CD4_Memory_stim_40h	Inverse variance weighted	0.0211561991093009	1	0.884354242296704
ENSG00000175691|CD4_Naive_stim_40h	finngen_rashkin_meta	Melanoma_meta	ENSG00000175691|CD4_Naive_stim_40h	Inverse variance weighted	0.566272154082718	2	0.753417258092512
ENSG00000096996|CD4_Naive_stim_40h	finngen_rashkin_meta	Melanoma_meta	ENSG00000096996|CD4_Naive_stim_40h	Inverse variance weighted	10.2536184608432	9	0.330346339628312
ENSG00000099308|CD4_Memory_uns_0h	finngen_rashkin_meta	Melanoma_meta	ENSG00000099308|CD4_Memory_uns_0h	Inverse variance weighted	6.79283546152272	8	0.559140365449505
ENSG00000167468|CD4_Naive_stim_5d	finngen_rashkin_meta	Melanoma_meta	ENSG00000167468|CD4_Naive_stim_5d	Inverse variance weighted	1.55951345486327	4	0.816049680871772
ENSG00000171530|CD4_Naive_stim_16h	finngen_rashkin_meta	Melanoma_meta	ENSG00000171530|CD4_Naive_stim_16h	Inverse variance weighted	1.88951636559858	3	0.595651501964222
ENSG00000079691|CD4_Memory_stim_5d	finngen_rashkin_meta	Melanoma_meta	ENSG00000079691|CD4_Memory_stim_5d	Inverse variance weighted	17.4929179221884	6	0.0076326051735445
ENSG00000203778|CD4_Memory_stim_40h	finngen_rashkin_meta	Melanoma_meta	ENSG00000203778|CD4_Memory_stim_40h	Inverse variance weighted	0.011244307447092	2	0.994393621006202
ENSG00000138185|CD4_Memory_stim_40h	finngen_rashkin_meta	Melanoma_meta	ENSG00000138185|CD4_Memory_stim_40h	Inverse variance weighted	0.981622849859132	2	0.612129495480926
ENSG00000234745|CD4_Naive_stim_5d	finngen_rashkin_meta	Melanoma_meta	ENSG00000234745|CD4_Naive_stim_5d	Inverse variance weighted	28.8582289924728	16	0.0249097785246353
ENSG00000271964|CD4_Memory_uns_0h	finngen_rashkin_meta	Melanoma_meta	ENSG00000271964|CD4_Memory_uns_0h	Inverse variance weighted	1.19066892904068	4	0.879632515594617
ENSG00000167768|CD4_Memory_stim_40h	finngen_rashkin_meta	Melanoma_meta	ENSG00000167768|CD4_Memory_stim_40h	Inverse variance weighted	4.98296464310965	5	0.417962747519938
ENSG00000166896|CD4_Memory_stim_16h	finngen_rashkin_meta	Melanoma_meta	ENSG00000166896|CD4_Memory_stim_16h	Inverse variance weighted	0.510285033393015	3	0.916626093850633
ENSG00000166896|CD4_Memory_stim_40h	finngen_rashkin_meta	Melanoma_meta	ENSG00000166896|CD4_Memory_stim_40h	Inverse variance weighted	1.21833263205776	3	0.748610830739167
ENSG00000166896|CD4_Naive_stim_16h	finngen_rashkin_meta	Melanoma_meta	ENSG00000166896|CD4_Naive_stim_16h	Inverse variance weighted	0.0299741547557655	1	0.862548886080832
ENSG00000166896|CD4_Naive_stim_5d	finngen_rashkin_meta	Melanoma_meta	ENSG00000166896|CD4_Naive_stim_5d	Inverse variance weighted	0.170756218590364	3	0.982166160027505
ENSG00000057608|CD4_Naive_uns_0h	finngen_rashkin_meta	Melanoma_meta	ENSG00000057608|CD4_Naive_uns_0h	Inverse variance weighted	4.55586687569713	4	0.335974416444027
ENSG00000136824|CD4_Naive_stim_40h	finngen_rashkin_meta	Melanoma_meta	ENSG00000136824|CD4_Naive_stim_40h	Inverse variance weighted	2.73394691979407	3	0.434489162590927
ENSG00000151150|CD4_Naive_stim_40h	finngen_rashkin_meta	Melanoma_meta	ENSG00000151150|CD4_Naive_stim_40h	Inverse variance weighted	0.707866719906065	2	0.701921741894695
ENSG00000139428|CD4_Naive_stim_16h	finngen_rashkin_meta	Melanoma_meta	ENSG00000139428|CD4_Naive_stim_16h	Inverse variance weighted	2.92618332402185	5	0.711365171434277
ENSG00000139428|CD4_Naive_stim_5d	finngen_rashkin_meta	Melanoma_meta	ENSG00000139428|CD4_Naive_stim_5d	Inverse variance weighted	2.16277059224638	3	0.539318579965828
ENSG00000175550|CD4_Naive_uns_0h	finngen_rashkin_meta	Melanoma_meta	ENSG00000175550|CD4_Naive_uns_0h	Inverse variance weighted	11.4851554568224	4	0.0216200225378756
ENSG00000168066|CD4_Naive_uns_0h	finngen_rashkin_meta	Melanoma_meta	ENSG00000168066|CD4_Naive_uns_0h	Inverse variance weighted	11.3681346341914	3	0.00989303078602682
ENSG00000246174|CD4_Memory_stim_40h	finngen_rashkin_meta	Melanoma_meta	ENSG00000246174|CD4_Memory_stim_40h	Inverse variance weighted	0.666901726337726	1	0.414133896175156
ENSG00000183049|CD4_Memory_stim_5d	finngen_rashkin_meta	Melanoma_meta	ENSG00000183049|CD4_Memory_stim_5d	Inverse variance weighted	0.598087160612465	4	0.963276009463992
ENSG00000110665|CD4_Naive_stim_40h	finngen_rashkin_meta	Melanoma_meta	ENSG00000110665|CD4_Naive_stim_40h	Inverse variance weighted	8.63346027725365	5	0.124608061937459
ENSG00000110665|CD4_Naive_stim_5d	finngen_rashkin_meta	Melanoma_meta	ENSG00000110665|CD4_Naive_stim_5d	Inverse variance weighted	4.99257246412968	3	0.172341833602273
ENSG00000175348|CD4_Naive_stim_5d	finngen_rashkin_meta	Melanoma_meta	ENSG00000175348|CD4_Naive_stim_5d	Inverse variance weighted	4.44953601459784	3	0.216835970330166
ENSG00000144741|CD4_Memory_stim_40h	finngen_rashkin_meta	Melanoma_meta	ENSG00000144741|CD4_Memory_stim_40h	Inverse variance weighted	7.46009228595254	5	0.188608721761151
ENSG00000041357|CD4_Naive_stim_16h	finngen_rashkin_meta	Melanoma_meta	ENSG00000041357|CD4_Naive_stim_16h	Inverse variance weighted	2.45350672259737	2	0.293243088222904
ENSG00000138185|CD4_Memory_stim_5d	finngen_rashkin_meta	Melanoma_meta	ENSG00000138185|CD4_Memory_stim_5d	Inverse variance weighted	1.5027516494141	3	0.681635396852618
ENSG00000138185|CD4_Memory_uns_0h	finngen_rashkin_meta	Melanoma_meta	ENSG00000138185|CD4_Memory_uns_0h	Inverse variance weighted	0.854616013604339	2	0.652262619961488
ENSG00000138185|CD4_Naive_stim_5d	finngen_rashkin_meta	Melanoma_meta	ENSG00000138185|CD4_Naive_stim_5d	Inverse variance weighted	0.727354897071569	2	0.69511536906718
ENSG00000118181|CD4_Memory_uns_0h	finngen_rashkin_meta	Melanoma_meta	ENSG00000118181|CD4_Memory_uns_0h	Inverse variance weighted	0.297303028284569	1	0.585578140623781
ENSG00000174775|CD4_Naive_stim_16h	finngen_rashkin_meta	Melanoma_meta	ENSG00000174775|CD4_Naive_stim_16h	Inverse variance weighted	4.88719717478258	3	0.180245939202652
ENSG00000142632|CD4_Memory_stim_5d	finngen_rashkin_meta	Melanoma_meta	ENSG00000142632|CD4_Memory_stim_5d	Inverse variance weighted	3.19472227764242	2	0.20242999845899
ENSG00000197134|CD4_Memory_stim_5d	finngen_rashkin_meta	Melanoma_meta	ENSG00000197134|CD4_Memory_stim_5d	Inverse variance weighted	0.887835113483551	2	0.641518307506696
ENSG00000235750|CD4_Memory_stim_16h	finngen_rashkin_meta	Melanoma_meta	ENSG00000235750|CD4_Memory_stim_16h	Inverse variance weighted	0.452545911790763	2	0.79750038952123
ENSG00000235750|CD4_Memory_stim_5d	finngen_rashkin_meta	Melanoma_meta	ENSG00000235750|CD4_Memory_stim_5d	Inverse variance weighted	6.74994198046583	4	0.149707617874028
ENSG00000235750|CD4_Naive_stim_5d	finngen_rashkin_meta	Melanoma_meta	ENSG00000235750|CD4_Naive_stim_5d	Inverse variance weighted	6.06403956811131	3	0.108535790370253
ENSG00000042286|CD4_Memory_stim_40h	finngen_rashkin_meta	Melanoma_meta	ENSG00000042286|CD4_Memory_stim_40h	Inverse variance weighted	0.658313322339849	3	0.882962447510423
ENSG00000167768|CD4_Naive_uns_0h	finngen_rashkin_meta	Melanoma_meta	ENSG00000167768|CD4_Naive_uns_0h	Inverse variance weighted	8.92574860324317	9	0.4441563429466
ENSG00000260349|CD4_Memory_stim_16h	finngen_rashkin_meta	Melanoma_meta	ENSG00000260349|CD4_Memory_stim_16h	Inverse variance weighted	4.18177657606791	2	0.123577314798324
ENSG00000260349|CD4_Memory_stim_5d	finngen_rashkin_meta	Melanoma_meta	ENSG00000260349|CD4_Memory_stim_5d	Inverse variance weighted	2.85604399916358	2	0.239782743847214
ENSG00000260349|CD4_Memory_uns_0h	finngen_rashkin_meta	Melanoma_meta	ENSG00000260349|CD4_Memory_uns_0h	Inverse variance weighted	2.3942547698598	1	0.121781772185792
ENSG00000258315|CD4_Naive_stim_40h	finngen_rashkin_meta	Melanoma_meta	ENSG00000258315|CD4_Naive_stim_40h	Inverse variance weighted	1.81860337160715	3	0.610895025610529
ENSG00000099977|CD4_Memory_stim_40h	finngen_rashkin_meta	Melanoma_meta	ENSG00000099977|CD4_Memory_stim_40h	Inverse variance weighted	15.2193839309453	5	0.0094649437524575
ENSG00000099977|CD4_Naive_stim_40h	finngen_rashkin_meta	Melanoma_meta	ENSG00000099977|CD4_Naive_stim_40h	Inverse variance weighted	10.3543461610246	4	0.0348635870992441
ENSG00000100376|CD4_Memory_stim_16h	finngen_rashkin_meta	Melanoma_meta	ENSG00000100376|CD4_Memory_stim_16h	Inverse variance weighted	4.12580534914281	3	0.248195951922371
ENSG00000100376|CD4_Memory_stim_40h	finngen_rashkin_meta	Melanoma_meta	ENSG00000100376|CD4_Memory_stim_40h	Inverse variance weighted	3.62398920861952	2	0.163328036884393
ENSG00000111144|CD4_Memory_stim_16h	finngen_rashkin_meta	Melanoma_meta	ENSG00000111144|CD4_Memory_stim_16h	Inverse variance weighted	3.9994810291441	5	0.549490673077695
ENSG00000271964|CD4_Naive_uns_0h	finngen_rashkin_meta	Melanoma_meta	ENSG00000271964|CD4_Naive_uns_0h	Inverse variance weighted	3.96741818461794	5	0.554116435083812
ENSG00000144231|CD4_Naive_stim_40h	finngen_rashkin_meta	Melanoma_meta	ENSG00000144231|CD4_Naive_stim_40h	Inverse variance weighted	6.92609409755419	6	0.327736128406501
ENSG00000125877|CD4_Naive_stim_40h	finngen_rashkin_meta	Melanoma_meta	ENSG00000125877|CD4_Naive_stim_40h	Inverse variance weighted	9.2537322931177	4	0.0550610067905312
ENSG00000198171|CD4_Naive_stim_40h	finngen_rashkin_meta	Melanoma_meta	ENSG00000198171|CD4_Naive_stim_40h	Inverse variance weighted	3.32298250200081	4	0.505299142034304
ENSG00000160194|CD4_Naive_stim_16h	finngen_rashkin_meta	Melanoma_meta	ENSG00000160194|CD4_Naive_stim_16h	Inverse variance weighted	2.64437904696299	4	0.618982039080517
ENSG00000205659|CD4_Naive_stim_5d	finngen_rashkin_meta	Melanoma_meta	ENSG00000205659|CD4_Naive_stim_5d	Inverse variance weighted	3.56393468283636	2	0.168306704594142
ENSG00000139625|CD4_Memory_stim_16h	finngen_rashkin_meta	Melanoma_meta	ENSG00000139625|CD4_Memory_stim_16h	Inverse variance weighted	0.130654814917514	2	0.93676071071983
ENSG00000139625|CD4_Memory_stim_5d	finngen_rashkin_meta	Melanoma_meta	ENSG00000139625|CD4_Memory_stim_5d	Inverse variance weighted	4.38022155337115	3	0.223226330495415
ENSG00000139625|CD4_Memory_stim_40h	finngen_rashkin_meta	Melanoma_meta	ENSG00000139625|CD4_Memory_stim_40h	Inverse variance weighted	3.78054735279824	1	0.0518516962016704
ENSG00000139625|CD4_Naive_stim_16h	finngen_rashkin_meta	Melanoma_meta	ENSG00000139625|CD4_Naive_stim_16h	Inverse variance weighted	0.735829277770904	1	0.391000193528782
ENSG00000139625|CD4_Naive_stim_40h	finngen_rashkin_meta	Melanoma_meta	ENSG00000139625|CD4_Naive_stim_40h	Inverse variance weighted	0.109369954146089	1	0.740862577189876
ENSG00000142675|CD4_Naive_stim_5d	finngen_rashkin_meta	Melanoma_meta	ENSG00000142675|CD4_Naive_stim_5d	Inverse variance weighted	2.55416434739921	4	0.634963794222201
ENSG00000131351|CD4_Naive_stim_40h	finngen_rashkin_meta	Melanoma_meta	ENSG00000131351|CD4_Naive_stim_40h	Inverse variance weighted	8.49342125152821	4	0.0750868907281468
ENSG00000166272|CD4_Naive_stim_5d	finngen_rashkin_meta	Melanoma_meta	ENSG00000166272|CD4_Naive_stim_5d	Inverse variance weighted	1.42965205221456	2	0.489277225855905
ENSG00000166275|CD4_Memory_stim_5d	finngen_rashkin_meta	Melanoma_meta	ENSG00000166275|CD4_Memory_stim_5d	Inverse variance weighted	0.0135328143303878	1	0.907390515076218
ENSG00000175334|CD4_Naive_stim_40h	finngen_rashkin_meta	Melanoma_meta	ENSG00000175334|CD4_Naive_stim_40h	Inverse variance weighted	7.09835519519175	5	0.213427680773362
ENSG00000144231|CD4_Naive_stim_16h	finngen_rashkin_meta	Melanoma_meta	ENSG00000144231|CD4_Naive_stim_16h	Inverse variance weighted	7.1139390229078	4	0.12998818858655
ENSG00000175334|CD4_Naive_stim_16h	finngen_rashkin_meta	Melanoma_meta	ENSG00000175334|CD4_Naive_stim_16h	Inverse variance weighted	7.85761624462009	4	0.0969353590989219
ENSG00000089012|CD4_Naive_stim_5d	finngen_rashkin_meta	Melanoma_meta	ENSG00000089012|CD4_Naive_stim_5d	Inverse variance weighted	5.46737157732652	6	0.485409033386125
ENSG00000173156|CD4_Memory_stim_40h	finngen_rashkin_meta	Melanoma_meta	ENSG00000173156|CD4_Memory_stim_40h	Inverse variance weighted	1.34553981148455	2	0.510293154458135
ENSG00000173156|CD4_Naive_stim_40h	finngen_rashkin_meta	Melanoma_meta	ENSG00000173156|CD4_Naive_stim_40h	Inverse variance weighted	0.370076631182399	2	0.831072440210199
ENSG00000149489|CD4_Naive_stim_40h	finngen_rashkin_meta	Melanoma_meta	ENSG00000149489|CD4_Naive_stim_40h	Inverse variance weighted	3.51359830694395	2	0.172596435304991
ENSG00000175567|CD4_Naive_stim_5d	finngen_rashkin_meta	Melanoma_meta	ENSG00000175567|CD4_Naive_stim_5d	Inverse variance weighted	0.817475627771754	1	0.365919268220782
ENSG00000159063|CD4_Naive_stim_40h	finngen_rashkin_meta	Melanoma_meta	ENSG00000159063|CD4_Naive_stim_40h	Inverse variance weighted	0.791037461646054	2	0.673330671269455
ENSG00000124588|CD4_Naive_stim_40h	finngen_rashkin_meta	Melanoma_meta	ENSG00000124588|CD4_Naive_stim_40h	Inverse variance weighted	1.48637795118293	4	0.82905167205905
ENSG00000124588|CD4_Memory_stim_40h	finngen_rashkin_meta	Melanoma_meta	ENSG00000124588|CD4_Memory_stim_40h	Inverse variance weighted	6.56330530068567	5	0.25519510877101
ENSG00000124588|CD4_Memory_stim_5d	finngen_rashkin_meta	Melanoma_meta	ENSG00000124588|CD4_Memory_stim_5d	Inverse variance weighted	11.1649846378877	4	0.0247710691466619
ENSG00000157992|CD4_Naive_stim_16h	finngen_rashkin_meta	Melanoma_meta	ENSG00000157992|CD4_Naive_stim_16h	Inverse variance weighted	0.972763163527794	1	0.323992019403574
ENSG00000157992|CD4_Naive_stim_5d	finngen_rashkin_meta	Melanoma_meta	ENSG00000157992|CD4_Naive_stim_5d	Inverse variance weighted	0.175722949136212	2	0.915887741681094
ENSG00000180376|CD4_Naive_stim_5d	finngen_rashkin_meta	Melanoma_meta	ENSG00000180376|CD4_Naive_stim_5d	Inverse variance weighted	11.74711066827	3	0.00830161931806522
ENSG00000124588|CD4_Memory_stim_16h	finngen_rashkin_meta	Melanoma_meta	ENSG00000124588|CD4_Memory_stim_16h	Inverse variance weighted	4.5898151886926	3	0.204417529327501
ENSG00000167220|CD4_Memory_stim_16h	finngen_rashkin_meta	Melanoma_meta	ENSG00000167220|CD4_Memory_stim_16h	Inverse variance weighted	2.59374467478457	2	0.273385514913554
ENSG00000144741|CD4_Naive_stim_40h	finngen_rashkin_meta	Melanoma_meta	ENSG00000144741|CD4_Naive_stim_40h	Inverse variance weighted	3.93411837030902	4	0.414995377970466
ENSG00000010626|CD4_Memory_stim_40h	finngen_rashkin_meta	Melanoma_meta	ENSG00000010626|CD4_Memory_stim_40h	Inverse variance weighted	2.85449995478602	2	0.23996793292179
ENSG00000111671|CD4_Memory_stim_16h	finngen_rashkin_meta	Melanoma_meta	ENSG00000111671|CD4_Memory_stim_16h	Inverse variance weighted	2.19373007617644	2	0.333916259303866
ENSG00000179344|CD4_Naive_uns_0h	finngen_rashkin_meta	Melanoma_meta	ENSG00000179344|CD4_Naive_uns_0h	Inverse variance weighted	18.2294839489842	9	0.0326025583004104
ENSG00000204525|CD4_Naive_stim_40h	finngen_rashkin_meta	Melanoma_meta	ENSG00000204525|CD4_Naive_stim_40h	Inverse variance weighted	13.5358278785129	15	0.5609834376713
ENSG00000167768|CD4_Memory_stim_16h	finngen_rashkin_meta	Melanoma_meta	ENSG00000167768|CD4_Memory_stim_16h	Inverse variance weighted	6.92609059643507	4	0.139845929925817
ENSG00000167768|CD4_Memory_uns_0h	finngen_rashkin_meta	Melanoma_meta	ENSG00000167768|CD4_Memory_uns_0h	Inverse variance weighted	6.64897793061025	6	0.354532111688481
ENSG00000198502|CD4_Memory_stim_40h	finngen_rashkin_meta	Melanoma_meta	ENSG00000198502|CD4_Memory_stim_40h	Inverse variance weighted	23.4235506101225	12	0.0243379245686897
ENSG00000158525|CD4_Naive_uns_0h	finngen_rashkin_meta	Melanoma_meta	ENSG00000158525|CD4_Naive_uns_0h	Inverse variance weighted	7.24686299294205	7	0.403637228421673
ENSG00000174177|CD4_Naive_stim_16h	finngen_rashkin_meta	Melanoma_meta	ENSG00000174177|CD4_Naive_stim_16h	Inverse variance weighted	42.5820410268819	6	1.41101078122649e-07
ENSG00000079263|CD4_Naive_stim_16h	finngen_rashkin_meta	Melanoma_meta	ENSG00000079263|CD4_Naive_stim_16h	Inverse variance weighted	13.0232798390212	7	0.071543209522976
ENSG00000143799|CD4_Naive_stim_40h	finngen_rashkin_meta	Melanoma_meta	ENSG00000143799|CD4_Naive_stim_40h	Inverse variance weighted	8.80760783358901	7	0.266765811108047
ENSG00000035499|CD4_Naive_stim_40h	finngen_rashkin_meta	Melanoma_meta	ENSG00000035499|CD4_Naive_stim_40h	Inverse variance weighted	2.92765207188089	1	0.0870740423716711
ENSG00000108557|CD4_Naive_stim_40h	finngen_rashkin_meta	Melanoma_meta	ENSG00000108557|CD4_Naive_stim_40h	Inverse variance weighted	3.48069684679856	3	0.323274318229171
ENSG00000173156|CD4_Memory_stim_5d	finngen_rashkin_meta	Melanoma_meta	ENSG00000173156|CD4_Memory_stim_5d	Inverse variance weighted	0.631671551744995	2	0.729179189151471
ENSG00000079691|CD4_Memory_stim_16h	finngen_rashkin_meta	Melanoma_meta	ENSG00000079691|CD4_Memory_stim_16h	Inverse variance weighted	1.69612458564914	4	0.791421477380624
ENSG00000168476|CD4_Memory_stim_5d	finngen_rashkin_meta	Melanoma_meta	ENSG00000168476|CD4_Memory_stim_5d	Inverse variance weighted	4.09912741885548	4	0.392756608748568
ENSG00000198502|CD4_Memory_stim_16h	finngen_rashkin_meta	Melanoma_meta	ENSG00000198502|CD4_Memory_stim_16h	Inverse variance weighted	28.4364515915185	13	0.00786208920093809
ENSG00000198502|CD4_Memory_stim_5d	finngen_rashkin_meta	Melanoma_meta	ENSG00000198502|CD4_Memory_stim_5d	Inverse variance weighted	25.3787794211658	12	0.0131264974225026
ENSG00000198502|CD4_Memory_uns_0h	finngen_rashkin_meta	Melanoma_meta	ENSG00000198502|CD4_Memory_uns_0h	Inverse variance weighted	28.30046082156	14	0.0129761778957302
ENSG00000266472|CD4_Naive_stim_5d	finngen_rashkin_meta	Melanoma_meta	ENSG00000266472|CD4_Naive_stim_5d	Inverse variance weighted	19.6563161982385	3	0.000199980882391922
ENSG00000109861|CD4_Memory_uns_0h	finngen_rashkin_meta	Melanoma_meta	ENSG00000109861|CD4_Memory_uns_0h	Inverse variance weighted	6.28263116410343	5	0.279680913714574
ENSG00000246174|CD4_Naive_stim_5d	finngen_rashkin_meta	Melanoma_meta	ENSG00000246174|CD4_Naive_stim_5d	Inverse variance weighted	3.20505827899952	2	0.201386538712347
ENSG00000140416|CD4_Memory_stim_40h	finngen_rashkin_meta	Melanoma_meta	ENSG00000140416|CD4_Memory_stim_40h	Inverse variance weighted	1.99462731719714	4	0.736747130926235
ENSG00000166839|CD4_Memory_stim_40h	finngen_rashkin_meta	Melanoma_meta	ENSG00000166839|CD4_Memory_stim_40h	Inverse variance weighted	0.838043010888671	3	0.8403476571038
ENSG00000260349|CD4_Naive_uns_0h	finngen_rashkin_meta	Melanoma_meta	ENSG00000260349|CD4_Naive_uns_0h	Inverse variance weighted	4.2963329418765	2	0.116697930781631
ENSG00000144741|CD4_Naive_stim_16h	finngen_rashkin_meta	Melanoma_meta	ENSG00000144741|CD4_Naive_stim_16h	Inverse variance weighted	7.89708032348424	4	0.0954218638967935
ENSG00000261373|CD4_Naive_stim_16h	finngen_rashkin_meta	Melanoma_meta	ENSG00000261373|CD4_Naive_stim_16h	Inverse variance weighted	194.16214005068	8	1.08384620522307e-37
ENSG00000220205|CD4_Memory_stim_40h	finngen_rashkin_meta	Melanoma_meta	ENSG00000220205|CD4_Memory_stim_40h	Inverse variance weighted	11.4136735652683	6	0.076402386229413
ENSG00000220205|CD4_Memory_stim_5d	finngen_rashkin_meta	Melanoma_meta	ENSG00000220205|CD4_Memory_stim_5d	Inverse variance weighted	0.419112727122902	2	0.810943930456886
ENSG00000196126|CD4_Memory_stim_16h	finngen_rashkin_meta	Melanoma_meta	ENSG00000196126|CD4_Memory_stim_16h	Inverse variance weighted	4.90631995159621	7	0.671394397466048
ENSG00000170291|CD4_Memory_uns_0h	finngen_rashkin_meta	Melanoma_meta	ENSG00000170291|CD4_Memory_uns_0h	Inverse variance weighted	5.21215857234222	4	0.266213097010887
ENSG00000213859|CD4_Memory_uns_0h	finngen_rashkin_meta	Melanoma_meta	ENSG00000213859|CD4_Memory_uns_0h	Inverse variance weighted	0.291278559262463	1	0.589402362108423
ENSG00000213859|CD4_Naive_uns_0h	finngen_rashkin_meta	Melanoma_meta	ENSG00000213859|CD4_Naive_uns_0h	Inverse variance weighted	13.1967523229742	3	0.00422987209719646
ENSG00000159202|CD4_Memory_stim_40h	finngen_rashkin_meta	Melanoma_meta	ENSG00000159202|CD4_Memory_stim_40h	Inverse variance weighted	6.40029168695993	4	0.171182233977467
ENSG00000099308|CD4_Naive_uns_0h	finngen_rashkin_meta	Melanoma_meta	ENSG00000099308|CD4_Naive_uns_0h	Inverse variance weighted	2.87894403159749	4	0.578283881234947
ENSG00000167671|CD4_Memory_stim_40h	finngen_rashkin_meta	Melanoma_meta	ENSG00000167671|CD4_Memory_stim_40h	Inverse variance weighted	7.18380059871838	5	0.2073257815645
ENSG00000167671|CD4_Naive_stim_16h	finngen_rashkin_meta	Melanoma_meta	ENSG00000167671|CD4_Naive_stim_16h	Inverse variance weighted	3.76669466549304	2	0.15208018980439
ENSG00000096996|CD4_Memory_uns_0h	finngen_rashkin_meta	Melanoma_meta	ENSG00000096996|CD4_Memory_uns_0h	Inverse variance weighted	6.07728886838084	4	0.193450166990357
ENSG00000175691|CD4_Memory_stim_16h	finngen_rashkin_meta	Melanoma_meta	ENSG00000175691|CD4_Memory_stim_16h	Inverse variance weighted	8.86520028153377	2	0.0118835505629262
ENSG00000131165|CD4_Naive_stim_40h	finngen_rashkin_meta	Melanoma_meta	ENSG00000131165|CD4_Naive_stim_40h	Inverse variance weighted	68.7597667594876	2	1.17221253101006e-15
ENSG00000100376|CD4_Naive_stim_40h	finngen_rashkin_meta	Melanoma_meta	ENSG00000100376|CD4_Naive_stim_40h	Inverse variance weighted	0.213671127490953	2	0.898673435334976
ENSG00000186470|CD4_Memory_stim_40h	finngen_rashkin_meta	Melanoma_meta	ENSG00000186470|CD4_Memory_stim_40h	Inverse variance weighted	1.48216326696989	2	0.476598132128453
ENSG00000158525|CD4_Memory_stim_5d	finngen_rashkin_meta	Melanoma_meta	ENSG00000158525|CD4_Memory_stim_5d	Inverse variance weighted	9.2976849129459	6	0.157515617848514
ENSG00000125877|CD4_Naive_stim_16h	finngen_rashkin_meta	Melanoma_meta	ENSG00000125877|CD4_Naive_stim_16h	Inverse variance weighted	2.08693227245714	2	0.352231680649497
ENSG00000107020|CD4_Memory_stim_16h	finngen_rashkin_meta	Melanoma_meta	ENSG00000107020|CD4_Memory_stim_16h	Inverse variance weighted	5.68921575699191	4	0.223591117616477
ENSG00000167272|CD4_Memory_stim_40h	finngen_rashkin_meta	Melanoma_meta	ENSG00000167272|CD4_Memory_stim_40h	Inverse variance weighted	3.42238398352589	2	0.180650330522157
ENSG00000128604|CD4_Memory_stim_40h	finngen_rashkin_meta	Melanoma_meta	ENSG00000128604|CD4_Memory_stim_40h	Inverse variance weighted	9.16403384000387	5	0.102697573000053
ENSG00000215845|CD4_Memory_stim_5d	finngen_rashkin_meta	Melanoma_meta	ENSG00000215845|CD4_Memory_stim_5d	Inverse variance weighted	0.829263090572579	2	0.660583631023094
ENSG00000141560|CD4_Naive_stim_16h	finngen_rashkin_meta	Melanoma_meta	ENSG00000141560|CD4_Naive_stim_16h	Inverse variance weighted	3.02959667526938	8	0.932486475739159
ENSG00000165410|CD4_Naive_stim_16h	finngen_rashkin_meta	Melanoma_meta	ENSG00000165410|CD4_Naive_stim_16h	Inverse variance weighted	0.0874599321214596	3	0.993298592737281
ENSG00000131979|CD4_Naive_stim_16h	finngen_rashkin_meta	Melanoma_meta	ENSG00000131979|CD4_Naive_stim_16h	Inverse variance weighted	3.34878247365013	2	0.187422240518547
ENSG00000131634|CD4_Memory_uns_0h	finngen_rashkin_meta	Melanoma_meta	ENSG00000131634|CD4_Memory_uns_0h	Inverse variance weighted	6.1513791551914	5	0.291766559520279
ENSG00000141560|CD4_Memory_stim_16h	finngen_rashkin_meta	Melanoma_meta	ENSG00000141560|CD4_Memory_stim_16h	Inverse variance weighted	3.11128295974269	6	0.794755671659805
ENSG00000141560|CD4_Memory_stim_5d	finngen_rashkin_meta	Melanoma_meta	ENSG00000141560|CD4_Memory_stim_5d	Inverse variance weighted	3.68655792736058	6	0.719005967577866
ENSG00000141560|CD4_Naive_uns_0h	finngen_rashkin_meta	Melanoma_meta	ENSG00000141560|CD4_Naive_uns_0h	Inverse variance weighted	3.50097686338834	7	0.835122003461204
ENSG00000163599|CD4_Memory_stim_5d	finngen_rashkin_meta	Melanoma_meta	ENSG00000163599|CD4_Memory_stim_5d	Inverse variance weighted	7.78364186571469	4	0.099833016893695
ENSG00000163599|CD4_Memory_stim_40h	finngen_rashkin_meta	Melanoma_meta	ENSG00000163599|CD4_Memory_stim_40h	Inverse variance weighted	3.17031513914425	3	0.366103988013799
ENSG00000143870|CD4_Naive_stim_40h	finngen_rashkin_meta	Melanoma_meta	ENSG00000143870|CD4_Naive_stim_40h	Inverse variance weighted	0.0934487471222821	1	0.759837734876539
ENSG00000160194|CD4_Memory_stim_16h	finngen_rashkin_meta	Melanoma_meta	ENSG00000160194|CD4_Memory_stim_16h	Inverse variance weighted	3.13768717048851	4	0.535053918760957
ENSG00000160194|CD4_Naive_stim_40h	finngen_rashkin_meta	Melanoma_meta	ENSG00000160194|CD4_Naive_stim_40h	Inverse variance weighted	3.23298127520888	4	0.519620433771282
ENSG00000160194|CD4_Naive_stim_5d	finngen_rashkin_meta	Melanoma_meta	ENSG00000160194|CD4_Naive_stim_5d	Inverse variance weighted	3.06728704810975	3	0.381366738064611
ENSG00000057608|CD4_Naive_stim_5d	finngen_rashkin_meta	Melanoma_meta	ENSG00000057608|CD4_Naive_stim_5d	Inverse variance weighted	14.9648611079394	5	0.010513540861134
ENSG00000133606|CD4_Memory_stim_5d	finngen_rashkin_meta	Melanoma_meta	ENSG00000133606|CD4_Memory_stim_5d	Inverse variance weighted	0.507229775845083	2	0.775990587857149
ENSG00000106633|CD4_Memory_stim_16h	finngen_rashkin_meta	Melanoma_meta	ENSG00000106633|CD4_Memory_stim_16h	Inverse variance weighted	7.02899180745971	2	0.0297628024908993
ENSG00000106633|CD4_Naive_stim_40h	finngen_rashkin_meta	Melanoma_meta	ENSG00000106633|CD4_Naive_stim_40h	Inverse variance weighted	9.12886417312311	4	0.0579579716415826
ENSG00000158525|CD4_Memory_stim_16h	finngen_rashkin_meta	Melanoma_meta	ENSG00000158525|CD4_Memory_stim_16h	Inverse variance weighted	9.1397390322832	4	0.0577000125096412
ENSG00000167136|CD4_Memory_uns_0h	finngen_rashkin_meta	Melanoma_meta	ENSG00000167136|CD4_Memory_uns_0h	Inverse variance weighted	6.04700005385327	1	0.0139299443633067
ENSG00000198625|CD4_Memory_uns_0h	finngen_rashkin_meta	Melanoma_meta	ENSG00000198625|CD4_Memory_uns_0h	Inverse variance weighted	2.7154527172055	3	0.43760765120687
ENSG00000198625|CD4_Memory_stim_40h	finngen_rashkin_meta	Melanoma_meta	ENSG00000198625|CD4_Memory_stim_40h	Inverse variance weighted	1.93073472399606	2	0.380843266694481
ENSG00000198625|CD4_Naive_stim_5d	finngen_rashkin_meta	Melanoma_meta	ENSG00000198625|CD4_Naive_stim_5d	Inverse variance weighted	2.16852015224746	1	0.140861728745213
ENSG00000198625|CD4_Naive_uns_0h	finngen_rashkin_meta	Melanoma_meta	ENSG00000198625|CD4_Naive_uns_0h	Inverse variance weighted	0.000708514185257922	1	0.978764472437414
ENSG00000116771|CD4_Naive_stim_40h	finngen_rashkin_meta	Melanoma_meta	ENSG00000116771|CD4_Naive_stim_40h	Inverse variance weighted	8.64141095769877	4	0.0707148577942825
ENSG00000234745|CD4_Naive_stim_40h	finngen_rashkin_meta	Melanoma_meta	ENSG00000234745|CD4_Naive_stim_40h	Inverse variance weighted	38.8002477107947	19	0.00468731027167261
ENSG00000139428|CD4_Memory_stim_5d	finngen_rashkin_meta	Melanoma_meta	ENSG00000139428|CD4_Memory_stim_5d	Inverse variance weighted	5.69436136083711	2	0.0580076326071644
ENSG00000074935|CD4_Naive_stim_16h	finngen_rashkin_meta	Melanoma_meta	ENSG00000074935|CD4_Naive_stim_16h	Inverse variance weighted	5.69108486660212	5	0.337447211419447
ENSG00000057608|CD4_Memory_stim_5d	finngen_rashkin_meta	Melanoma_meta	ENSG00000057608|CD4_Memory_stim_5d	Inverse variance weighted	14.535705021891	6	0.0241921504614951
ENSG00000166275|CD4_Memory_stim_16h	finngen_rashkin_meta	Melanoma_meta	ENSG00000166275|CD4_Memory_stim_16h	Inverse variance weighted	1.46333775532921	2	0.481105413662151
ENSG00000166275|CD4_Naive_stim_16h	finngen_rashkin_meta	Melanoma_meta	ENSG00000166275|CD4_Naive_stim_16h	Inverse variance weighted	7.86614336949503	5	0.163768658547823
ENSG00000111669|CD4_Naive_stim_16h	finngen_rashkin_meta	Melanoma_meta	ENSG00000111669|CD4_Naive_stim_16h	Inverse variance weighted	1.45342291977261	4	0.834858732899557
ENSG00000111671|CD4_Memory_uns_0h	finngen_rashkin_meta	Melanoma_meta	ENSG00000111671|CD4_Memory_uns_0h	Inverse variance weighted	3.57529402393337	5	0.612026562036747
ENSG00000163171|CD4_Naive_stim_40h	finngen_rashkin_meta	Melanoma_meta	ENSG00000163171|CD4_Naive_stim_40h	Inverse variance weighted	2.85542032910245	3	0.41445781339663
ENSG00000215845|CD4_Naive_uns_0h	finngen_rashkin_meta	Melanoma_meta	ENSG00000215845|CD4_Naive_uns_0h	Inverse variance weighted	7.75014919507607	3	0.0514676953444996
ENSG00000057608|CD4_Naive_stim_16h	finngen_rashkin_meta	Melanoma_meta	ENSG00000057608|CD4_Naive_stim_16h	Inverse variance weighted	14.1020401330616	4	0.00697640689115764
ENSG00000166839|CD4_Memory_stim_5d	finngen_rashkin_meta	Melanoma_meta	ENSG00000166839|CD4_Memory_stim_5d	Inverse variance weighted	0.69764202758689	1	0.40357714322298
ENSG00000166839|CD4_Naive_stim_5d	finngen_rashkin_meta	Melanoma_meta	ENSG00000166839|CD4_Naive_stim_5d	Inverse variance weighted	0.646466840110681	1	0.421378715925401
ENSG00000169032|CD4_Naive_uns_0h	finngen_rashkin_meta	Melanoma_meta	ENSG00000169032|CD4_Naive_uns_0h	Inverse variance weighted	3.80936365998772	6	0.702456240257765
ENSG00000167766|CD4_Naive_stim_16h	finngen_rashkin_meta	Melanoma_meta	ENSG00000167766|CD4_Naive_stim_16h	Inverse variance weighted	0.0428113937269437	1	0.83608081543859
ENSG00000175691|CD4_Naive_stim_16h	finngen_rashkin_meta	Melanoma_meta	ENSG00000175691|CD4_Naive_stim_16h	Inverse variance weighted	0.861853964920846	2	0.64990636360591
ENSG00000136250|CD4_Naive_stim_5d	finngen_rashkin_meta	Melanoma_meta	ENSG00000136250|CD4_Naive_stim_5d	Inverse variance weighted	4.08596228929634	4	0.394497107789115
ENSG00000124588|CD4_Naive_stim_16h	finngen_rashkin_meta	Melanoma_meta	ENSG00000124588|CD4_Naive_stim_16h	Inverse variance weighted	0.581463768556919	1	0.445739141698801
ENSG00000057608|CD4_Memory_uns_0h	finngen_rashkin_meta	Melanoma_meta	ENSG00000057608|CD4_Memory_uns_0h	Inverse variance weighted	10.2014706841346	7	0.177440904532289
ENSG00000260349|CD4_Naive_stim_5d	finngen_rashkin_meta	Melanoma_meta	ENSG00000260349|CD4_Naive_stim_5d	Inverse variance weighted	4.5949922373383	3	0.203972094050841
ENSG00000174177|CD4_Naive_stim_40h	finngen_rashkin_meta	Melanoma_meta	ENSG00000174177|CD4_Naive_stim_40h	Inverse variance weighted	10.843108863698	3	0.0126052125128867
ENSG00000131634|CD4_Naive_uns_0h	finngen_rashkin_meta	Melanoma_meta	ENSG00000131634|CD4_Naive_uns_0h	Inverse variance weighted	6.78420988324915	5	0.237189895335874
ENSG00000176974|CD4_Memory_stim_40h	finngen_rashkin_meta	Melanoma_meta	ENSG00000176974|CD4_Memory_stim_40h	Inverse variance weighted	0.331004022896211	2	0.847468158564986
ENSG00000176974|CD4_Naive_stim_40h	finngen_rashkin_meta	Melanoma_meta	ENSG00000176974|CD4_Naive_stim_40h	Inverse variance weighted	0.104542336559912	1	0.746445280592786
ENSG00000099308|CD4_Memory_stim_40h	finngen_rashkin_meta	Melanoma_meta	ENSG00000099308|CD4_Memory_stim_40h	Inverse variance weighted	4.07286802692073	5	0.538973202458894
ENSG00000163599|CD4_Memory_stim_16h	finngen_rashkin_meta	Melanoma_meta	ENSG00000163599|CD4_Memory_stim_16h	Inverse variance weighted	5.86592732828761	5	0.319484183315589
ENSG00000234745|CD4_Memory_stim_40h	finngen_rashkin_meta	Melanoma_meta	ENSG00000234745|CD4_Memory_stim_40h	Inverse variance weighted	20.3010849247123	15	0.160684419427595
ENSG00000163599|CD4_Naive_stim_40h	finngen_rashkin_meta	Melanoma_meta	ENSG00000163599|CD4_Naive_stim_40h	Inverse variance weighted	0.642063497163777	3	0.886738921043951
ENSG00000235750|CD4_Memory_stim_40h	finngen_rashkin_meta	Melanoma_meta	ENSG00000235750|CD4_Memory_stim_40h	Inverse variance weighted	6.03239842754674	5	0.303079166004276
ENSG00000166275|CD4_Memory_uns_0h	finngen_rashkin_meta	Melanoma_meta	ENSG00000166275|CD4_Memory_uns_0h	Inverse variance weighted	2.97240081319201	2	0.226230608899649
ENSG00000166275|CD4_Naive_stim_40h	finngen_rashkin_meta	Melanoma_meta	ENSG00000166275|CD4_Naive_stim_40h	Inverse variance weighted	4.79248319530961	3	0.187638651360654
ENSG00000166275|CD4_Naive_stim_5d	finngen_rashkin_meta	Melanoma_meta	ENSG00000166275|CD4_Naive_stim_5d	Inverse variance weighted	1.0822213828711	2	0.582101358197411
ENSG00000166275|CD4_Naive_uns_0h	finngen_rashkin_meta	Melanoma_meta	ENSG00000166275|CD4_Naive_uns_0h	Inverse variance weighted	4.18619718450453	3	0.242047446995893
ENSG00000236935|CD4_Memory_uns_0h	finngen_rashkin_meta	Melanoma_meta	ENSG00000236935|CD4_Memory_uns_0h	Inverse variance weighted	0.392205470183251	3	0.941847913949656
ENSG00000139192|CD4_Naive_stim_40h	finngen_rashkin_meta	Melanoma_meta	ENSG00000139192|CD4_Naive_stim_40h	Inverse variance weighted	0.379386898279877	2	0.827212677837172
ENSG00000165410|CD4_Naive_stim_40h	finngen_rashkin_meta	Melanoma_meta	ENSG00000165410|CD4_Naive_stim_40h	Inverse variance weighted	1.80319874768655	3	0.614239099918326
ENSG00000167523|CD4_Naive_stim_40h	finngen_rashkin_meta	Melanoma_meta	ENSG00000167523|CD4_Naive_stim_40h	Inverse variance weighted	375.367450016129	6	5.50104214144809e-78
ENSG00000185324|CD4_Memory_stim_5d	finngen_rashkin_meta	Melanoma_meta	ENSG00000185324|CD4_Memory_stim_5d	Inverse variance weighted	100.372788953182	4	8.19370552122725e-21
ENSG00000187193|CD4_Memory_uns_0h	finngen_rashkin_meta	Melanoma_meta	ENSG00000187193|CD4_Memory_uns_0h	Inverse variance weighted	2.93667093846293	2	0.230308521931072
ENSG00000161929|CD4_Naive_uns_0h	finngen_rashkin_meta	Melanoma_meta	ENSG00000161929|CD4_Naive_uns_0h	Inverse variance weighted	2.76647102144225	4	0.59763415811005
ENSG00000182362|CD4_Naive_stim_16h	finngen_rashkin_meta	Melanoma_meta	ENSG00000182362|CD4_Naive_stim_16h	Inverse variance weighted	4.34514660788912	2	0.113884180910793
ENSG00000198832|CD4_Naive_stim_40h	finngen_rashkin_meta	Melanoma_meta	ENSG00000198832|CD4_Naive_stim_40h	Inverse variance weighted	1.86225428837981	1	0.172364848384699
ENSG00000144741|CD4_Naive_stim_5d	finngen_rashkin_meta	Melanoma_meta	ENSG00000144741|CD4_Naive_stim_5d	Inverse variance weighted	5.9782003647259	5	0.308345901325356
ENSG00000113068|CD4_Naive_stim_40h	finngen_rashkin_meta	Melanoma_meta	ENSG00000113068|CD4_Naive_stim_40h	Inverse variance weighted	7.41448517396442	2	0.0245451110538561
ENSG00000177410|CD4_Naive_stim_5d	finngen_rashkin_meta	Melanoma_meta	ENSG00000177410|CD4_Naive_stim_5d	Inverse variance weighted	9.00433240451622	6	0.173334566105102
ENSG00000179344|CD4_Naive_stim_16h	finngen_rashkin_meta	Melanoma_meta	ENSG00000179344|CD4_Naive_stim_16h	Inverse variance weighted	6.30930943633876	8	0.6126276040431
ENSG00000079691|CD4_Memory_uns_0h	finngen_rashkin_meta	Melanoma_meta	ENSG00000079691|CD4_Memory_uns_0h	Inverse variance weighted	4.11796486631005	4	0.390276385268334
ENSG00000158769|CD4_Memory_stim_5d	finngen_rashkin_meta	Melanoma_meta	ENSG00000158769|CD4_Memory_stim_5d	Inverse variance weighted	1.782719023961	2	0.410097840666632
ENSG00000183172|CD4_Naive_stim_16h	finngen_rashkin_meta	Melanoma_meta	ENSG00000183172|CD4_Naive_stim_16h	Inverse variance weighted	2.44239029070874	2	0.294877534726886
ENSG00000083642|CD4_Naive_stim_16h	finngen_rashkin_meta	Melanoma_meta	ENSG00000083642|CD4_Naive_stim_16h	Inverse variance weighted	7.12697056779852	2	0.0283398798619032
ENSG00000152749|CD4_Naive_uns_0h	finngen_rashkin_meta	Melanoma_meta	ENSG00000152749|CD4_Naive_uns_0h	Inverse variance weighted	3.08698601753021	3	0.378407119955482
ENSG00000171530|CD4_Naive_stim_5d	finngen_rashkin_meta	Melanoma_meta	ENSG00000171530|CD4_Naive_stim_5d	Inverse variance weighted	1.41996840488793	1	0.233408603543938
ENSG00000010626|CD4_Memory_stim_5d	finngen_rashkin_meta	Melanoma_meta	ENSG00000010626|CD4_Memory_stim_5d	Inverse variance weighted	0.330216615307816	1	0.565531564968024
ENSG00000135916|CD4_Naive_stim_40h	finngen_rashkin_meta	Melanoma_meta	ENSG00000135916|CD4_Naive_stim_40h	Inverse variance weighted	2.37729947022871	2	0.304632320812331
ENSG00000258315|CD4_Naive_stim_5d	finngen_rashkin_meta	Melanoma_meta	ENSG00000258315|CD4_Naive_stim_5d	Inverse variance weighted	0.805554200078709	2	0.668461082667772
ENSG00000149084|CD4_Naive_uns_0h	finngen_rashkin_meta	Melanoma_meta	ENSG00000149084|CD4_Naive_uns_0h	Inverse variance weighted	1.2917179341982	1	0.25573159850988
ENSG00000099308|CD4_Naive_stim_5d	finngen_rashkin_meta	Melanoma_meta	ENSG00000099308|CD4_Naive_stim_5d	Inverse variance weighted	0.236011460952347	1	0.627101807042233
ENSG00000160194|CD4_Memory_stim_40h	finngen_rashkin_meta	Melanoma_meta	ENSG00000160194|CD4_Memory_stim_40h	Inverse variance weighted	3.43754772495593	4	0.48743766194294
ENSG00000141504|CD4_Memory_uns_0h	finngen_rashkin_meta	Melanoma_meta	ENSG00000141504|CD4_Memory_uns_0h	Inverse variance weighted	0.51790275055387	2	0.771860553636904
ENSG00000158234|CD4_Naive_stim_16h	finngen_rashkin_meta	Melanoma_meta	ENSG00000158234|CD4_Naive_stim_16h	Inverse variance weighted	0.260877667284633	1	0.609517825878036
ENSG00000163599|CD4_Memory_uns_0h	finngen_rashkin_meta	Melanoma_meta	ENSG00000163599|CD4_Memory_uns_0h	Inverse variance weighted	4.774356924685	4	0.311243037943175
ENSG00000198625|CD4_Memory_stim_16h	finngen_rashkin_meta	Melanoma_meta	ENSG00000198625|CD4_Memory_stim_16h	Inverse variance weighted	3.40149515107215	1	0.0651373520651211
ENSG00000099308|CD4_Memory_stim_5d	finngen_rashkin_meta	Melanoma_meta	ENSG00000099308|CD4_Memory_stim_5d	Inverse variance weighted	0.114012479116042	2	0.944588175535409
ENSG00000064201|CD4_Memory_uns_0h	finngen_rashkin_meta	Melanoma_meta	ENSG00000064201|CD4_Memory_uns_0h	Inverse variance weighted	3.15449593150154	3	0.368412840781027
ENSG00000111671|CD4_Naive_uns_0h	finngen_rashkin_meta	Melanoma_meta	ENSG00000111671|CD4_Naive_uns_0h	Inverse variance weighted	7.29230103446509	2	0.0260913740034378
ENSG00000165410|CD4_Naive_stim_5d	finngen_rashkin_meta	Melanoma_meta	ENSG00000165410|CD4_Naive_stim_5d	Inverse variance weighted	3.78226872614932	2	0.150900535716122
ENSG00000124588|CD4_Naive_stim_5d	finngen_rashkin_meta	Melanoma_meta	ENSG00000124588|CD4_Naive_stim_5d	Inverse variance weighted	7.05854893069826	4	0.13282634230821
ENSG00000158525|CD4_Memory_stim_40h	finngen_rashkin_meta	Melanoma_meta	ENSG00000158525|CD4_Memory_stim_40h	Inverse variance weighted	5.34094547317129	7	0.618431568274172
ENSG00000158525|CD4_Memory_uns_0h	finngen_rashkin_meta	Melanoma_meta	ENSG00000158525|CD4_Memory_uns_0h	Inverse variance weighted	4.14601862881877	5	0.528590268508878
ENSG00000263715|CD4_Naive_uns_0h	finngen_rashkin_meta	Melanoma_meta	ENSG00000263715|CD4_Naive_uns_0h	Inverse variance weighted	1.34979947066414	1	0.245313176670429
ENSG00000162613|CD4_Memory_stim_16h	finngen_rashkin_meta	Melanoma_meta	ENSG00000162613|CD4_Memory_stim_16h	Inverse variance weighted	0.0600996345672161	1	0.806338533288318
ENSG00000165410|CD4_Memory_stim_16h	finngen_rashkin_meta	Melanoma_meta	ENSG00000165410|CD4_Memory_stim_16h	Inverse variance weighted	1.84167876460984	2	0.398184671604798
ENSG00000099817|CD4_Memory_uns_0h	finngen_rashkin_meta	Melanoma_meta	ENSG00000099817|CD4_Memory_uns_0h	Inverse variance weighted	3.00458982008509	3	0.390918057497096
ENSG00000128928|CD4_Memory_stim_40h	finngen_rashkin_meta	Melanoma_meta	ENSG00000128928|CD4_Memory_stim_40h	Inverse variance weighted	2.11489197539135	2	0.3473417936571
ENSG00000155542|CD4_Naive_stim_40h	finngen_rashkin_meta	Melanoma_meta	ENSG00000155542|CD4_Naive_stim_40h	Inverse variance weighted	3.59367247183135	3	0.308814785099133
ENSG00000166260|CD4_Naive_stim_40h	finngen_rashkin_meta	Melanoma_meta	ENSG00000166260|CD4_Naive_stim_40h	Inverse variance weighted	1.38803670686287	2	0.499564603244713
ENSG00000159063|CD4_Memory_stim_16h	finngen_rashkin_meta	Melanoma_meta	ENSG00000159063|CD4_Memory_stim_16h	Inverse variance weighted	0.423889652309272	1	0.51500253681595
ENSG00000236935|CD4_Memory_stim_16h	finngen_rashkin_meta	Melanoma_meta	ENSG00000236935|CD4_Memory_stim_16h	Inverse variance weighted	2.60783050368826	3	0.456118411938568
ENSG00000163171|CD4_Naive_stim_16h	finngen_rashkin_meta	Melanoma_meta	ENSG00000163171|CD4_Naive_stim_16h	Inverse variance weighted	1.45496188051205	3	0.692703419013408
ENSG00000125877|CD4_Memory_stim_5d	finngen_rashkin_meta	Melanoma_meta	ENSG00000125877|CD4_Memory_stim_5d	Inverse variance weighted	8.12392234097739	4	0.0871427954187549
ENSG00000140416|CD4_Naive_stim_5d	finngen_rashkin_meta	Melanoma_meta	ENSG00000140416|CD4_Naive_stim_5d	Inverse variance weighted	1.86649352440259	1	0.171877221385827
ENSG00000155542|CD4_Memory_stim_5d	finngen_rashkin_meta	Melanoma_meta	ENSG00000155542|CD4_Memory_stim_5d	Inverse variance weighted	2.25516861076155	2	0.323814549424332
ENSG00000155542|CD4_Naive_stim_5d	finngen_rashkin_meta	Melanoma_meta	ENSG00000155542|CD4_Naive_stim_5d	Inverse variance weighted	2.49985429302967	1	0.113856831548758
ENSG00000186470|CD4_Naive_stim_16h	finngen_rashkin_meta	Melanoma_meta	ENSG00000186470|CD4_Naive_stim_16h	Inverse variance weighted	5.52531597742165	5	0.355177877306284
ENSG00000186470|CD4_Naive_stim_5d	finngen_rashkin_meta	Melanoma_meta	ENSG00000186470|CD4_Naive_stim_5d	Inverse variance weighted	0.0206394057443847	2	0.989733362564774
ENSG00000186470|CD4_Naive_uns_0h	finngen_rashkin_meta	Melanoma_meta	ENSG00000186470|CD4_Naive_uns_0h	Inverse variance weighted	0.799627630472904	2	0.670444861033877
ENSG00000186470|CD4_Memory_stim_5d	finngen_rashkin_meta	Melanoma_meta	ENSG00000186470|CD4_Memory_stim_5d	Inverse variance weighted	2.16153391173353	3	0.53956467640078
ENSG00000186470|CD4_Memory_uns_0h	finngen_rashkin_meta	Melanoma_meta	ENSG00000186470|CD4_Memory_uns_0h	Inverse variance weighted	2.0207173241049	3	0.568117900546484
ENSG00000186470|CD4_Naive_stim_40h	finngen_rashkin_meta	Melanoma_meta	ENSG00000186470|CD4_Naive_stim_40h	Inverse variance weighted	0.744781284734939	3	0.86262374365577
ENSG00000083642|CD4_Naive_stim_40h	finngen_rashkin_meta	Melanoma_meta	ENSG00000083642|CD4_Naive_stim_40h	Inverse variance weighted	4.52730811494067	2	0.103969877889586
ENSG00000083642|CD4_Naive_uns_0h	finngen_rashkin_meta	Melanoma_meta	ENSG00000083642|CD4_Naive_uns_0h	Inverse variance weighted	7.34228649810627	2	0.0254473606393019
ENSG00000197134|CD4_Memory_stim_40h	finngen_rashkin_meta	Melanoma_meta	ENSG00000197134|CD4_Memory_stim_40h	Inverse variance weighted	5.31197546972157	1	0.0211793278373192
ENSG00000185324|CD4_Memory_stim_40h	finngen_rashkin_meta	Melanoma_meta	ENSG00000185324|CD4_Memory_stim_40h	Inverse variance weighted	21.1029106538979	1	4.35266485840922e-06
ENSG00000143575|CD4_Memory_stim_16h	finngen_rashkin_meta	Melanoma_meta	ENSG00000143575|CD4_Memory_stim_16h	Inverse variance weighted	0.261544949270674	1	0.60906073529871
ENSG00000079785|CD4_Memory_stim_16h	finngen_rashkin_meta	Melanoma_meta	ENSG00000079785|CD4_Memory_stim_16h	Inverse variance weighted	0.701043983450076	2	0.704320344355516
ENSG00000079691|CD4_Memory_stim_40h	finngen_rashkin_meta	Melanoma_meta	ENSG00000079691|CD4_Memory_stim_40h	Inverse variance weighted	6.84379946922823	5	0.232518749121344
ENSG00000142632|CD4_Naive_stim_16h	finngen_rashkin_meta	Melanoma_meta	ENSG00000142632|CD4_Naive_stim_16h	Inverse variance weighted	4.46342232372754	2	0.10734458892277
ENSG00000198625|CD4_Naive_stim_16h	finngen_rashkin_meta	Melanoma_meta	ENSG00000198625|CD4_Naive_stim_16h	Inverse variance weighted	0.0299301314618443	1	0.862648857222961
ENSG00000125877|CD4_Memory_stim_16h	finngen_rashkin_meta	Melanoma_meta	ENSG00000125877|CD4_Memory_stim_16h	Inverse variance weighted	4.25304656699211	3	0.23540429049381
ENSG00000181885|CD4_Naive_stim_5d	finngen_rashkin_meta	Melanoma_meta	ENSG00000181885|CD4_Naive_stim_5d	Inverse variance weighted	6.29834120146206	5	0.278261755663376
ENSG00000110665|CD4_Memory_stim_40h	finngen_rashkin_meta	Melanoma_meta	ENSG00000110665|CD4_Memory_stim_40h	Inverse variance weighted	5.31682899510419	4	0.256305639745187
ENSG00000110665|CD4_Memory_stim_5d	finngen_rashkin_meta	Melanoma_meta	ENSG00000110665|CD4_Memory_stim_5d	Inverse variance weighted	3.40548912536671	3	0.333228310429141
ENSG00000074071|CD4_Naive_stim_16h	finngen_rashkin_meta	Melanoma_meta	ENSG00000074071|CD4_Naive_stim_16h	Inverse variance weighted	1.08677808823721	2	0.58077663567175
ENSG00000198734|CD4_Memory_stim_40h	finngen_rashkin_meta	Melanoma_meta	ENSG00000198734|CD4_Memory_stim_40h	Inverse variance weighted	0.36393345862112	1	0.546329767392251
ENSG00000198734|CD4_Naive_stim_40h	finngen_rashkin_meta	Melanoma_meta	ENSG00000198734|CD4_Naive_stim_40h	Inverse variance weighted	3.03207658456734	1	0.0816334765490458
ENSG00000089012|CD4_Memory_stim_40h	finngen_rashkin_meta	Melanoma_meta	ENSG00000089012|CD4_Memory_stim_40h	Inverse variance weighted	4.85790808510421	4	0.302190165786915
ENSG00000166272|CD4_Memory_stim_5d	finngen_rashkin_meta	Melanoma_meta	ENSG00000166272|CD4_Memory_stim_5d	Inverse variance weighted	5.05243850038332	2	0.0799607611555185
ENSG00000115750|CD4_Memory_stim_5d	finngen_rashkin_meta	Melanoma_meta	ENSG00000115750|CD4_Memory_stim_5d	Inverse variance weighted	0.184263474879837	3	0.980088818134154
ENSG00000115750|CD4_Naive_stim_40h	finngen_rashkin_meta	Melanoma_meta	ENSG00000115750|CD4_Naive_stim_40h	Inverse variance weighted	0.733325469684055	3	0.865338860103207
ENSG00000115750|CD4_Naive_stim_5d	finngen_rashkin_meta	Melanoma_meta	ENSG00000115750|CD4_Naive_stim_5d	Inverse variance weighted	0.839704573200763	2	0.657143881603007
ENSG00000141560|CD4_Naive_stim_40h	finngen_rashkin_meta	Melanoma_meta	ENSG00000141560|CD4_Naive_stim_40h	Inverse variance weighted	2.83367479283283	7	0.899950503466742
ENSG00000182871|CD4_Memory_stim_16h	finngen_rashkin_meta	Melanoma_meta	ENSG00000182871|CD4_Memory_stim_16h	Inverse variance weighted	8.98141955852978	3	0.0295389463731044
ENSG00000141560|CD4_Memory_stim_40h	finngen_rashkin_meta	Melanoma_meta	ENSG00000141560|CD4_Memory_stim_40h	Inverse variance weighted	1.94606102195873	6	0.924591871412701
ENSG00000141560|CD4_Memory_uns_0h	finngen_rashkin_meta	Melanoma_meta	ENSG00000141560|CD4_Memory_uns_0h	Inverse variance weighted	3.05593930303297	6	0.80179382936841
ENSG00000141560|CD4_Naive_stim_5d	finngen_rashkin_meta	Melanoma_meta	ENSG00000141560|CD4_Naive_stim_5d	Inverse variance weighted	2.61537614036873	7	0.918161506343506
ENSG00000165898|CD4_Naive_uns_0h	finngen_rashkin_meta	Melanoma_meta	ENSG00000165898|CD4_Naive_uns_0h	Inverse variance weighted	1.57454627609825	1	0.209548010655343
ENSG00000111671|CD4_Naive_stim_40h	finngen_rashkin_meta	Melanoma_meta	ENSG00000111671|CD4_Naive_stim_40h	Inverse variance weighted	3.66350227474837	3	0.300167293218026
ENSG00000163599|CD4_Naive_stim_5d	finngen_rashkin_meta	Melanoma_meta	ENSG00000163599|CD4_Naive_stim_5d	Inverse variance weighted	2.68763116371348	3	0.442333342524508
ENSG00000107020|CD4_Memory_stim_40h	finngen_rashkin_meta	Melanoma_meta	ENSG00000107020|CD4_Memory_stim_40h	Inverse variance weighted	1.44787422899071	3	0.694352101645788
ENSG00000166896|CD4_Memory_uns_0h	finngen_rashkin_meta	Melanoma_meta	ENSG00000166896|CD4_Memory_uns_0h	Inverse variance weighted	0.179053228478107	2	0.914363929700265
ENSG00000126005|CD4_Memory_stim_5d	finngen_rashkin_meta	Melanoma_meta	ENSG00000126005|CD4_Memory_stim_5d	Inverse variance weighted	11.0939573838025	4	0.0255281116322248
ENSG00000167671|CD4_Memory_stim_16h	finngen_rashkin_meta	Melanoma_meta	ENSG00000167671|CD4_Memory_stim_16h	Inverse variance weighted	0.973372341819857	2	0.614659900836653
ENSG00000167671|CD4_Memory_stim_5d	finngen_rashkin_meta	Melanoma_meta	ENSG00000167671|CD4_Memory_stim_5d	Inverse variance weighted	1.97205808554655	2	0.37305513965394
ENSG00000120071|CD4_Memory_stim_5d	finngen_rashkin_meta	Melanoma_meta	ENSG00000120071|CD4_Memory_stim_5d	Inverse variance weighted	9.19948272297212	2	0.0100544358727251
ENSG00000120071|CD4_Memory_uns_0h	finngen_rashkin_meta	Melanoma_meta	ENSG00000120071|CD4_Memory_uns_0h	Inverse variance weighted	6.48315160045233	2	0.0391022292235433
ENSG00000120071|CD4_Naive_stim_5d	finngen_rashkin_meta	Melanoma_meta	ENSG00000120071|CD4_Naive_stim_5d	Inverse variance weighted	7.12824444928527	2	0.0283218347851892
ENSG00000215845|CD4_Memory_stim_40h	finngen_rashkin_meta	Melanoma_meta	ENSG00000215845|CD4_Memory_stim_40h	Inverse variance weighted	5.64236914877379	3	0.130367042838292
ENSG00000121895|CD4_Naive_stim_40h	finngen_rashkin_meta	Melanoma_meta	ENSG00000121895|CD4_Naive_stim_40h	Inverse variance weighted	7.68650498624437	1	0.00556352647657787
ENSG00000167523|CD4_Memory_stim_40h	finngen_rashkin_meta	Melanoma_meta	ENSG00000167523|CD4_Memory_stim_40h	Inverse variance weighted	70.621088005656	2	4.62195365647626e-16
ENSG00000185262|CD4_Memory_stim_16h	finngen_rashkin_meta	Melanoma_meta	ENSG00000185262|CD4_Memory_stim_16h	Inverse variance weighted	5.67452403057472	2	0.0585858537405071
ENSG00000154122|CD4_Naive_uns_0h	finngen_rashkin_meta	Melanoma_meta	ENSG00000154122|CD4_Naive_uns_0h	Inverse variance weighted	4.82377437683275	4	0.305861888857926
ENSG00000176974|CD4_Memory_stim_5d	finngen_rashkin_meta	Melanoma_meta	ENSG00000176974|CD4_Memory_stim_5d	Inverse variance weighted	1.11841098256386	1	0.290260867922119
ENSG00000176974|CD4_Memory_uns_0h	finngen_rashkin_meta	Melanoma_meta	ENSG00000176974|CD4_Memory_uns_0h	Inverse variance weighted	1.75030637070143	1	0.18583822193913
ENSG00000197134|CD4_Naive_stim_40h	finngen_rashkin_meta	Melanoma_meta	ENSG00000197134|CD4_Naive_stim_40h	Inverse variance weighted	7.27628854300457	1	0.00698707526308263
ENSG00000197134|CD4_Naive_stim_5d	finngen_rashkin_meta	Melanoma_meta	ENSG00000197134|CD4_Naive_stim_5d	Inverse variance weighted	7.3408205893087	1	0.00674060623707973
ENSG00000164597|CD4_Memory_uns_0h	finngen_rashkin_meta	Melanoma_meta	ENSG00000164597|CD4_Memory_uns_0h	Inverse variance weighted	9.92198854410202	2	0.00700595853970645
ENSG00000159479|CD4_Naive_stim_40h	finngen_rashkin_meta	Melanoma_meta	ENSG00000159479|CD4_Naive_stim_40h	Inverse variance weighted	1.33936751755492	1	0.247145538557281
ENSG00000158006|CD4_Naive_uns_0h	finngen_rashkin_meta	Melanoma_meta	ENSG00000158006|CD4_Naive_uns_0h	Inverse variance weighted	1.06446436538845	2	0.587292561164029
ENSG00000258315|CD4_Memory_stim_5d	finngen_rashkin_meta	Melanoma_meta	ENSG00000258315|CD4_Memory_stim_5d	Inverse variance weighted	5.58960763900798	2	0.0611268650550831
ENSG00000107020|CD4_Naive_stim_40h	finngen_rashkin_meta	Melanoma_meta	ENSG00000107020|CD4_Naive_stim_40h	Inverse variance weighted	5.8397151946675	5	0.322129120009823
ENSG00000166140|CD4_Naive_stim_5d	finngen_rashkin_meta	Melanoma_meta	ENSG00000166140|CD4_Naive_stim_5d	Inverse variance weighted	0.115001447237994	1	0.734520362169212
ENSG00000159063|CD4_Memory_stim_5d	finngen_rashkin_meta	Melanoma_meta	ENSG00000159063|CD4_Memory_stim_5d	Inverse variance weighted	0.00423638902137858	1	0.948104293952332
ENSG00000246174|CD4_Memory_stim_5d	finngen_rashkin_meta	Melanoma_meta	ENSG00000246174|CD4_Memory_stim_5d	Inverse variance weighted	1.16393009873566	1	0.280651961235229
ENSG00000175691|CD4_Memory_stim_40h	finngen_rashkin_meta	Melanoma_meta	ENSG00000175691|CD4_Memory_stim_40h	Inverse variance weighted	1.3878773660598	1	0.238763888952622
ENSG00000100100|CD4_Naive_uns_0h	finngen_rashkin_meta	Melanoma_meta	ENSG00000100100|CD4_Naive_uns_0h	Inverse variance weighted	2.12256906352547	2	0.346011062544786
ENSG00000164597|CD4_Naive_stim_16h	finngen_rashkin_meta	Melanoma_meta	ENSG00000164597|CD4_Naive_stim_16h	Inverse variance weighted	3.62663535038467	1	0.0568616630984939
ENSG00000090621|CD4_Memory_stim_16h	finngen_rashkin_meta	Melanoma_meta	ENSG00000090621|CD4_Memory_stim_16h	Inverse variance weighted	2.35394729782833	3	0.502264883528468
ENSG00000090621|CD4_Naive_stim_40h	finngen_rashkin_meta	Melanoma_meta	ENSG00000090621|CD4_Naive_stim_40h	Inverse variance weighted	3.03427579791823	3	0.386370653758315
ENSG00000100376|CD4_Memory_uns_0h	finngen_rashkin_meta	Melanoma_meta	ENSG00000100376|CD4_Memory_uns_0h	Inverse variance weighted	0.469713379472394	2	0.790684154664444
ENSG00000100376|CD4_Naive_uns_0h	finngen_rashkin_meta	Melanoma_meta	ENSG00000100376|CD4_Naive_uns_0h	Inverse variance weighted	0.772312792570977	3	0.856077331376187
ENSG00000124588|CD4_Naive_uns_0h	finngen_rashkin_meta	Melanoma_meta	ENSG00000124588|CD4_Naive_uns_0h	Inverse variance weighted	8.23901267604108	3	0.0413218632925505
ENSG00000186470|CD4_Memory_stim_16h	finngen_rashkin_meta	Melanoma_meta	ENSG00000186470|CD4_Memory_stim_16h	Inverse variance weighted	5.31166889071195	4	0.256786552090008
ENSG00000164548|CD4_Memory_stim_16h	finngen_rashkin_meta	Melanoma_meta	ENSG00000164548|CD4_Memory_stim_16h	Inverse variance weighted	0.09575433379848	2	0.953250870646732
ENSG00000155542|CD4_Memory_uns_0h	finngen_rashkin_meta	Melanoma_meta	ENSG00000155542|CD4_Memory_uns_0h	Inverse variance weighted	1.36120540891254	2	0.506311744043172
ENSG00000214401|CD4_Naive_stim_16h	finngen_rashkin_meta	Melanoma_meta	ENSG00000214401|CD4_Naive_stim_16h	Inverse variance weighted	4.20684833338099	2	0.122037834107385
ENSG00000166140|CD4_Memory_stim_40h	finngen_rashkin_meta	Melanoma_meta	ENSG00000166140|CD4_Memory_stim_40h	Inverse variance weighted	0.0722550432976453	1	0.788081298236471
ENSG00000143799|CD4_Memory_stim_16h	finngen_rashkin_meta	Melanoma_meta	ENSG00000143799|CD4_Memory_stim_16h	Inverse variance weighted	9.92618593354626	3	0.0192041162378074
ENSG00000176974|CD4_Naive_stim_5d	finngen_rashkin_meta	Melanoma_meta	ENSG00000176974|CD4_Naive_stim_5d	Inverse variance weighted	0.0205053228198445	2	0.989799717960914
ENSG00000180992|CD4_Naive_stim_5d	finngen_rashkin_meta	Melanoma_meta	ENSG00000180992|CD4_Naive_stim_5d	Inverse variance weighted	0.100090489138622	1	0.751721070565422
ENSG00000100376|CD4_Memory_stim_5d	finngen_rashkin_meta	Melanoma_meta	ENSG00000100376|CD4_Memory_stim_5d	Inverse variance weighted	0.244940640538551	1	0.620660276475332
ENSG00000100376|CD4_Naive_stim_16h	finngen_rashkin_meta	Melanoma_meta	ENSG00000100376|CD4_Naive_stim_16h	Inverse variance weighted	0.153401487417802	2	0.926166973432909
ENSG00000100376|CD4_Naive_stim_5d	finngen_rashkin_meta	Melanoma_meta	ENSG00000100376|CD4_Naive_stim_5d	Inverse variance weighted	1.39793030381614	2	0.49709946013649
ENSG00000198171|CD4_Memory_stim_16h	finngen_rashkin_meta	Melanoma_meta	ENSG00000198171|CD4_Memory_stim_16h	Inverse variance weighted	4.81777801579012	3	0.185637062033696
ENSG00000166140|CD4_Naive_stim_40h	finngen_rashkin_meta	Melanoma_meta	ENSG00000166140|CD4_Naive_stim_40h	Inverse variance weighted	0.0227519123385828	2	0.988688505351397
ENSG00000185324|CD4_Naive_stim_40h	finngen_rashkin_meta	Melanoma_meta	ENSG00000185324|CD4_Naive_stim_40h	Inverse variance weighted	1.71547160616024	2	0.424121290109017
ENSG00000110077|CD4_Memory_uns_0h	finngen_rashkin_meta	Melanoma_meta	ENSG00000110077|CD4_Memory_uns_0h	Inverse variance weighted	4.64719132151366	3	0.199530955414189
ENSG00000159479|CD4_Memory_stim_16h	finngen_rashkin_meta	Melanoma_meta	ENSG00000159479|CD4_Memory_stim_16h	Inverse variance weighted	7.18464681211924	1	0.00735300249351942
ENSG00000164548|CD4_Naive_stim_16h	finngen_rashkin_meta	Melanoma_meta	ENSG00000164548|CD4_Naive_stim_16h	Inverse variance weighted	0.209797617283555	2	0.900415632257225
ENSG00000131979|CD4_Memory_stim_40h	finngen_rashkin_meta	Melanoma_meta	ENSG00000131979|CD4_Memory_stim_40h	Inverse variance weighted	0.954558279951728	1	0.328561734039564
ENSG00000198625|CD4_Memory_stim_5d	finngen_rashkin_meta	Melanoma_meta	ENSG00000198625|CD4_Memory_stim_5d	Inverse variance weighted	2.44232928502942	1	0.118100739858601
