cell	glyco_grp	tpi1_grp
A10_P1_M68_L001	hi	lo
A10_P1_M71_L001	hi	lo
A10_P2_MMD1-84B_L001	lo	hi
A10_P4_MMD1-84B_L001	lo	hi
A10_P5_M45_L001	lo	lo
A10_P6_M51_L001	lo	hi
A10_P8_MMD2-36B_L001	hi	lo
A11_P2_MMD6_L001	hi	hi
A11_P3_MMD1-84B_L001	lo	lo
A11_P8_M63-B1	hi	hi
A12_P1_M39_T_enriched	lo	lo
A12_P2_MMD1-84B_L001	lo	lo
A12_P5_M83_L001	lo	lo
A1_P1_M51_L001	lo	hi
A1_P6_M51_L001	lo	lo
A2_P11_MMD5_L001	hi	hi
A2_P12_MMD2-36B_T_enriched	lo	hi
A2_P1_MMD1-84B_L001	lo	lo
A2_P2_M71_L001	lo	lo
A2_P3_MMD9_L001	hi	hi
A2_P4_M44_L001	hi	lo
A2_P6_M68_L001	hi	hi
A2_P9_MMD2-36B_L001	hi	hi
A3_P2_M39	lo	hi
A3_P3_M68_L001	hi	hi
A3_P3_MMD1-84B_L001	hi	lo
A3_P4_M55_L001	hi	hi
A3_P4_M74_L001	lo	lo
A3_P5_M44_L001	lo	hi
A3_P6_M36_L001	lo	lo
A3_P8_M63-B1	hi	hi
A4_P1_M43_L001	hi	hi
A4_P1_M47	lo	lo
A4_P1_M67_L001	hi	hi
A4_P1_M74_L001	lo	lo
A4_P1_MMD8_L001	hi	hi
A4_P2_M71_L001	hi	lo
A4_P2_MMD1-84B_L001	lo	lo
A4_P3_M55_L001	hi	hi
A4_P5_MMD8_L001	lo	lo
A4_P7_M36_L001	hi	lo
A5_P1_MMD1-84A_L001	hi	hi
A5_P3_M67_L001	lo	lo
A5_P5_M45_L001	lo	hi
A6_P1_M71_L001	lo	lo
A6_P2_M13_L001	hi	lo
A6_P2_M83_L001	lo	hi
A6_P2_MMD1-84A_L001	lo	lo
A6_P3_MMD9_L001	hi	lo
A6_P4_MMD1-84A_L001	hi	hi
A6_P5_MMD8_L001	hi	hi
A6_P5_MMD9_L001	hi	hi
A6_P6_M36_L001	hi	hi
A7_P2_MMD1-84B_L001	lo	lo
A7_P3_MMD9_L001	hi	lo
A7_P4_M74_L001	hi	hi
A7_P8_MMD2-36B_L001	hi	hi
A8_P1_MMD1-84A_L001	lo	hi
A8_P1_MMD9_L001	lo	lo
A8_P2_M47	hi	hi
A8_P3_M23	hi	hi
A8_P3_M68_L001	hi	lo
A8_P4_M43_L001	lo	hi
A8_P9_M47_T_enriched	hi	hi
A8_P9_MMD2-36B_L001	hi	lo
A9_P1_M90-7-24-17	hi	hi
A9_P1_MMD8_L001	hi	hi
A9_P2_M71_L001	lo	lo
A9_P4_M44_L001	hi	hi
A9_P4_MMD8_L001	lo	lo
A9_P5_MMD9_L001	lo	lo
B10_P1_M39_T_enriched	lo	lo
B10_P1_M79_L001	lo	hi
B10_P2_MMD8_L001	lo	lo
B10_P2_MMD9_L001	lo	lo
B10_P3_M13_L001	hi	hi
B10_P3_MMD5_L001	hi	lo
B10_P3_MMD9_L001	hi	hi
B10_P4_M23	hi	hi
B10_P4_MMD1-84A_L001	hi	lo
B10_P7_M47_T_enriched	hi	lo
B11_P2_M55_L001	lo	lo
B11_P2_MMD8_L001	lo	hi
B11_P4_M71_L001	lo	lo
B11_P4_M79_L001	lo	hi
B11_P5_M45_L001	hi	lo
B11_P5_MMD9_L001	hi	hi
B11_P6_M68_L001	hi	hi
B11_P7_M36_L001	lo	lo
B11_P8_MMD2-36B_L001	lo	hi
B12_P1_M39	hi	hi
B12_P1_M51_L001	lo	lo
B12_P1_M74_L001	lo	lo
B12_P1_MMD6_L001	hi	hi
B12_P3_M44_L001	hi	lo
B12_P4_M45_L001	lo	hi
B12_P4_M47	lo	hi
B12_P4_M89_L001	lo	lo
B12_P4_MMD7_L001	lo	lo
B12_P5_M68_L001	hi	hi
B12_P6_M68_L001	hi	lo
B12_P6_M83_L001	hi	lo
B12_P9_MMD2-36B_L001	lo	hi
B1_P1_M83_L001	lo	lo
B1_P2_M90-7-31-17	hi	lo
B1_P2_MMD1-84B_L001	hi	lo
B1_P3_M43_L001	lo	lo
B1_P4_M39	lo	hi
B1_P5_MMD9_L001	hi	hi
B1_P6_M51_L001	lo	hi
B1_P6_MMD2-36B_L001	lo	hi
B2_P1_M83_L001	hi	lo
B2_P1_MMD8_L001	hi	hi
B2_P1_MMD9_L001	lo	lo
B2_P2_M55_L001	lo	hi
B2_P2_M90-7-24-17	hi	hi
B2_P3_M39	hi	lo
B2_P3_M45_L001	hi	lo
B2_P3_MMD1-84A_L001	hi	lo
B2_P9_M36_L001	hi	hi
B3_P1_M45_L001	hi	hi
B3_P1_MMD1-84B_L001	lo	lo
B3_P4_MMD8_L001	lo	lo
B3_P5_M13_L001	lo	lo
B3_P7_M36_L001	hi	hi
B3_P9_MMD5_L001	hi	lo
B4_P1_M23	lo	lo
B4_P1_MMD1-84B_L001	hi	hi
B4_P2_M79_L001	hi	hi
B4_P2_MMD9_L001	lo	hi
B4_P3_M45_L001	hi	lo
B4_P3_MMD7_L001	lo	lo
B4_P4_M23	hi	lo
B4_P4_M43_L001	hi	hi
B4_P4_M55_L001	lo	lo
B4_P4_M74_L001	hi	hi
B4_P5_M68_L001	lo	hi
B4_P7_M47_T_enriched	hi	lo
B4_P8_M36_L001	lo	hi
B4_P9_M36_L001	lo	lo
B5_P1_M45_L001	lo	hi
B5_P2_M71_L001	lo	lo
B5_P2_MMD8_L001	hi	hi
B5_P3_M45_L001	lo	lo
B5_P3_MMD9_L001	lo	hi
B5_P4_MMD8_L001	hi	hi
B5_P5_M89_L001	lo	lo
B5_P6_M51_L001	lo	lo
B6_P1_MMD6_L001	hi	lo
B6_P4_M89_L001	hi	hi
B6_P5_M68_L001	lo	lo
B6_P5_MMD9_L001	hi	hi
B7_P2_M90-7-24-17	lo	lo
B7_P2_M90-7-31-17	lo	lo
B7_P7_M36_L001	hi	hi
B8_P1_MMD8_L001	lo	lo
B8_P2_M83_L001	lo	hi
B8_P2_MMD9_L001	hi	hi
B8_P3_MMD1-84A_L001	hi	lo
B8_P4_M23	lo	hi
B8_P6_M63-B1	lo	lo
B9_P1_M51_L001	hi	hi
B9_P1_MMD8_L001	hi	hi
B9_P2_M15	hi	lo
B9_P2_M51_L001	hi	hi
B9_P3_M44_L001	hi	lo
B9_P4_MMD7_L001	lo	lo
B9_P7_MMD7_L001_myeloid_enriched	lo	hi
B9_P8_MMD2-36B_L001	hi	hi
C10_P10_MMD2-36B_L001	hi	lo
C10_P1_M44_L001	lo	lo
C10_P1_M71_L001	hi	lo
C10_P1_M83_L001	lo	hi
C10_P1_MMD1-84A_L001	hi	hi
C10_P3_M79_L001	lo	hi
C10_P3_M89_L001	hi	hi
C10_P5_M45_L001	lo	hi
C10_P5_M68_L001	hi	lo
C11_P1_M51_L001	hi	lo
C11_P4_M45_L001	hi	hi
C11_P4_MMD1-84A_L001	hi	hi
C11_P5_M44_L001	hi	hi
C11_P5_M45_L001	lo	lo
C11_P5_MMD9_L001	hi	lo
C12_P1_M15	lo	lo
C12_P2_MMD1-84B_L001	lo	lo
C12_P3_M79_L001	hi	lo
C12_P3_MMD5_L001	lo	lo
C12_P4_M47	lo	hi
C12_P6_M15	hi	hi
C12_P8_M36_L001	hi	lo
C1_P1_M39	hi	lo
C1_P1_MMD7_L001	lo	hi
C1_P3_M68_L001	lo	lo
C1_P3_M74_L001	lo	hi
C1_P8_M47_T_enriched	lo	lo
C2_P1_M39_T_enriched	hi	lo
C2_P1_MMD6_L001	hi	hi
C2_P1_MMD7_L001	hi	lo
C2_P2_M23	lo	hi
C2_P2_MMD9_L001	hi	lo
C2_P4_M55_L001	lo	lo
C2_P7_MMD9_L001_myeloid_enriched	lo	lo
C2_P9_MMD2-36B_L001	hi	hi
C2_P9_MMD5_L001	hi	hi
C3_P1_M47	hi	hi
C3_P1_M74_L001	hi	hi
C3_P1_M83_L001	hi	hi
C3_P1_MMD6_L001	lo	lo
C3_P1_MMD7_L001	lo	lo
C3_P2_M39	lo	lo
C3_P2_MMD7_L001	hi	hi
C3_P4_M13_L001	hi	hi
C3_P8_M36_L001	hi	hi
C4_P1_M79_L001	lo	lo
C4_P1_M89_L001	lo	hi
C4_P2_MMD1-84B_L001	lo	lo
C4_P2_MMD9_L001	hi	hi
C4_P3_M55_L001	hi	lo
C4_P3_M79_L001	lo	lo
C4_P8_M47_T_enriched	lo	lo
C5_P10_MMD2-36B_L001	lo	lo
C5_P10_MMD5_L001	lo	hi
C5_P1_M55_L001	lo	hi
C5_P1_M71_L001	lo	lo
C5_P2_M47	lo	lo
C5_P2_M55_L001	hi	hi
C5_P3_MMD1-84B_L001	lo	lo
C5_P4_MMD7_L001	lo	hi
C5_P5_M13_L001	hi	hi
C5_P5_M45_L001	hi	lo
C5_P5_MMD9_L001	lo	hi
C5_P6_M15	lo	hi
C5_P7_M63-B1	lo	lo
C6_P1_M90-7-31-17	lo	hi
C6_P1_MMD8_L001	lo	hi
C6_P2_M47	hi	hi
C6_P2_MMD1-84B_L001	hi	hi
C6_P3_M13_L001	lo	hi
C6_P4_M45_L001	hi	hi
C6_P6_M68_L001	hi	lo
C7_P1_MMD1-84B_L001	hi	lo
C7_P2_M90-7-31-17	hi	hi
C7_P2_MMD8_L001	lo	hi
C7_P3_MMD7_L001	lo	hi
C7_P4_MMD1-84B_L001	lo	hi
C7_P5_MMD8_L001	hi	hi
C8_P1_M51_L001	hi	hi
C8_P1_M71_L001	hi	lo
C8_P1_M89_L001	hi	lo
C8_P2_M90-7-24-17	hi	lo
C8_P3_M71_L001	hi	hi
C8_P3_MMD5_L001	lo	hi
C8_P4_M89_L001	hi	hi
C8_P6_M83_L001	hi	lo
C8_P9_MMD2-36B_L001	lo	hi
C9_P10_MMD2-36B_L001	lo	lo
C9_P10_MMD5_L001	hi	hi
C9_P12_MMD2-36B_T_enriched	lo	hi
C9_P1_M23	lo	lo
C9_P1_M71_L001	lo	lo
C9_P1_M89_L001	hi	hi
C9_P2_M71_L001	hi	lo
C9_P3_M67_L001	hi	hi
C9_P3_MMD7_L001	lo	lo
C9_P4_M79_L001	lo	lo
C9_P5_M89_L001	hi	hi
C9_P6_M36_L001	lo	lo
C9_P7_M47_T_enriched	lo	hi
D10_P1_M15	hi	hi
D10_P3_M89_L001	hi	hi
D10_P3_MMD1-84B_L001	lo	lo
D10_P5_M47_L001	hi	lo
D10_P5_M83_L001	lo	lo
D10_P8_M47_T_enriched	hi	hi
D11_P2_M90-7-24-17	hi	lo
D11_P2_MMD1-84A_L001	hi	lo
D11_P8_M63-B1	hi	hi
D12_P1_M71_L001	lo	lo
D12_P4_M45_L001	hi	hi
D12_P4_M89_L001	hi	hi
D12_P4_MMD8_L001	lo	hi
D12_P5_MMD9_L001	hi	lo
D1_P1_M23	hi	lo
D1_P1_M71_L001	lo	hi
D1_P1_M74_L001	hi	hi
D1_P2_M47	lo	lo
D1_P4_M55_L001	lo	lo
D1_P4_MMD1-84A_L001	lo	lo
D1_P6_M51_L001	hi	lo
D1_P7_M36_L001	lo	hi
D2_P1_M51_L001	lo	lo
D2_P2_M23	hi	hi
D2_P2_MMD1-84B_L001	hi	hi
D2_P3_MMD1-84B_L001	lo	lo
D2_P3_MMD5_L001	lo	lo
D2_P7_M47_T_enriched	hi	lo
D3_P1_M44_L001	lo	lo
D3_P1_MMD1-84B_L001	lo	hi
D3_P1_MMD7_L001	hi	lo
D3_P3_M13_L001	lo	lo
D4_P1_M23	hi	hi
D4_P1_M44_L001	lo	lo
D4_P1_MMD1-84B_L001	hi	hi
D4_P3_MMD9_L001	hi	lo
D4_P4_M71_L001	lo	lo
D4_P6_M51_L001	hi	hi
D5_P11_MMD5_L001	hi	hi
D5_P1_M90-7-24-17	lo	lo
D5_P2_MMD1-84B_L001	lo	hi
D5_P3_M39	hi	hi
D5_P3_M43_L001	hi	hi
D5_P3_MMD9_L001	lo	hi
D5_P4_MMD1-84B_L001	hi	lo
D5_P5_M44_L001	lo	lo
D6_P1_MMD6_L001	hi	lo
D6_P1_MMD9_L001	lo	hi
D6_P2_M15	lo	hi
D6_P2_M90-7-31-17	hi	hi
D6_P3_M68_L001	hi	hi
D6_P3_MMD1-84B_L001	hi	lo
D6_P4_M13_L001	hi	lo
D6_P4_M67_L001	hi	lo
D7_P1_M90-7-24-17	lo	hi
D7_P2_M51_L001	lo	hi
D7_P3_M43_L001	hi	hi
D7_P4_M45_L001	hi	hi
D7_P8_MMD2-36B_L001	lo	lo
D8_P10_MMD2-36B_L001	hi	hi
D8_P1_M23	hi	hi
D8_P1_M44_L001	hi	hi
D8_P1_M51_L001	hi	lo
D8_P1_M55_L001	hi	lo
D8_P1_M89_L001	lo	lo
D8_P1_MMD9_L001	lo	lo
D8_P2_M47	lo	lo
D8_P3_M45_L001	hi	lo
D8_P3_M89_L001	hi	hi
D8_P4_M13_L001	lo	lo
D8_P4_M71_L001	lo	hi
D8_P5_M45_L001	hi	hi
D8_P5_MMD8_L001	hi	lo
D8_P8_M36_L001	hi	hi
D9_P1_M45_L001	hi	hi
D9_P1_M47	lo	lo
D9_P1_M79_L001	lo	lo
D9_P1_M83_L001	hi	lo
D9_P2_M55_L001	hi	lo
D9_P2_M79_L001	hi	hi
D9_P2_M90-7-31-17	lo	hi
D9_P2_MMD1-84A_L001	lo	lo
D9_P2_MMD7_L001	hi	lo
D9_P4_M39	lo	hi
E10_P1_M44_L001	lo	hi
E10_P2_M51_L001	hi	lo
E10_P2_M90-7-24-17	lo	hi
E10_P3_M23	lo	lo
E10_P3_MMD7_L001	hi	hi
E10_P4_M39	lo	hi
E10_P4_M55_L001	hi	hi
E10_P4_MMD1-84A_L001	lo	hi
E10_P6_M15	lo	lo
E10_P8_M47_T_enriched	hi	lo
E11_P1_M15	hi	hi
E11_P1_M23	hi	hi
E11_P1_M39	lo	hi
E11_P1_M47	hi	lo
E11_P1_M51_L001	lo	lo
E11_P1_M89_L001	hi	lo
E11_P4_M71_L001	lo	hi
E11_P6_M68_L001	lo	lo
E12_P1_M15	hi	lo
E12_P2_M15	lo	hi
E12_P3_M79_L001	hi	lo
E12_P4_MMD1-84A_L001	hi	lo
E1_P1_M51_L001	hi	lo
E1_P1_M74_L001	hi	lo
E1_P1_M90-7-31-17	hi	hi
E1_P1_MMD9_L001	lo	hi
E1_P2_M43_L001	hi	hi
E1_P2_M47	lo	hi
E1_P2_M83_L001	hi	lo
E1_P3_M39	hi	lo
E1_P4_M71_L001	hi	hi
E1_P5_MMD8_L001	hi	lo
E1_P9_M47_T_enriched	hi	hi
E2_P1_M51_L001	lo	hi
E2_P1_MMD1-84A_L001	hi	hi
E2_P2_M47	hi	lo
E2_P3_M13_L001	hi	lo
E2_P3_M55_L001	lo	lo
E2_P4_M43_L001	lo	lo
E2_P4_M44_L001	hi	hi
E2_P4_M74_L001	hi	hi
E2_P4_M79_L001	lo	lo
E2_P4_MMD7_L001	hi	hi
E2_P8_M47_T_enriched	lo	lo
E3_P10_MMD2-36B_L001	hi	lo
E3_P1_M15	hi	hi
E3_P1_M89_L001	hi	hi
E3_P1_M90-7-24-17	hi	lo
E3_P3_MMD5_L001	hi	lo
E3_P4_MMD1-84B_L001	lo	lo
E3_P5_M47_L001	hi	hi
E4_P2_M79_L001	hi	lo
E4_P4_M71_L001	hi	hi
E4_P9_M36_L001	lo	hi
E5_P1_M51_L001	lo	hi
E5_P1_MMD1-84B_L001	hi	lo
E5_P2_M83_L001	lo	hi
E5_P3_M43_L001	hi	hi
E5_P3_M74_L001	hi	hi
E5_P3_MMD1-84B_L001	lo	hi
E5_P4_M79_L001	hi	hi
E5_P5_M74_L001	lo	hi
E5_P7_M47_T_enriched	hi	hi
E5_P8_MMD2-36B_L001	lo	lo
E6_P1_M39	hi	lo
E6_P1_M68_L001	hi	hi
E6_P1_M83_L001	hi	hi
E6_P3_M89_L001	lo	lo
E6_P4_M67_L001	hi	lo
E6_P8_MMD5_T_enriched	lo	hi
E7_P11_MMD5_L001	hi	lo
E7_P1_M44_L001	hi	lo
E7_P1_M89_L001	lo	hi
E7_P2_M47	lo	lo
E7_P3_M55_L001	hi	hi
E7_P4_M71_L001	hi	hi
E7_P4_M74_L001	lo	lo
E7_P5_M13_L001	lo	lo
E7_P5_M83_L001	hi	hi
E7_P6_M83_L001	hi	hi
E8_P1_M83_L001	hi	hi
E8_P1_M89_L001	lo	lo
E8_P1_MMD1-84B_L001	hi	hi
E8_P2_M90-7-24-17	hi	lo
E8_P3_M13_L001	lo	hi
E8_P4_M23	lo	lo
E8_P4_M79_L001	lo	lo
E8_P7_M36_L001	hi	hi
E9_P1_M55_L001	lo	lo
E9_P1_M71_L001	hi	hi
E9_P3_MMD9_L001	lo	lo
E9_P6_M83_L001	hi	hi
E9_P6_MMD2-36B_L001	lo	lo
F10_P11_MMD5_L001	hi	lo
F10_P1_M15	lo	hi
F10_P1_M71_L001	lo	hi
F10_P1_M90-7-24-17	lo	lo
F10_P2_MMD8_L001	lo	hi
F10_P3_M89_L001	lo	lo
F10_P6_M68_L001	lo	hi
F10_P8_MMD2-36B_L001	hi	hi
F10_P9_MMD2-36B_L001	lo	lo
F11_P1_M55_L001	lo	hi
F11_P2_M23	lo	lo
F11_P4_M89_L001	hi	lo
F11_P4_MMD6_L001	lo	lo
F11_P6_MMD8_L001_T_enriched	lo	lo
F11_P8_M63-B1	lo	hi
F12_P1_M44_L001	hi	hi
F12_P1_M45_L001	hi	lo
F12_P4_M44_L001	lo	hi
F12_P4_MMD8_L001	hi	hi
F1_P1_M51_L001	lo	hi
F1_P4_MMD1-84B_L001	lo	hi
F1_P5_M74_L001	lo	hi
F1_P9_M36_L001	hi	lo
F2_P2_M83_L001	hi	hi
F2_P2_MMD6_L001	lo	hi
F2_P3_M45_L001	hi	lo
F2_P3_M67_L001	lo	lo
F2_P3_M79_L001	lo	lo
F2_P4_M43_L001	hi	hi
F2_P4_M55_L001	hi	lo
F2_P5_MMD9_L001	lo	lo
F3_P1_MMD1-84B_L001	hi	hi
F3_P3_MMD9_L001	hi	hi
F3_P4_M13_L001	lo	hi
F3_P4_M45_L001	lo	hi
F3_P6_M36_L001	hi	hi
F4_P1_M43_L001	hi	hi
F4_P1_M71_L001	hi	lo
F4_P2_MMD1-84B_L001	hi	hi
F4_P3_M71_L001	hi	hi
F4_P5_M68_L001	hi	hi
F4_P9_MMD2-36B_L001	lo	hi
F5_P2_M47	lo	hi
F5_P2_MMD1-84B_L001	lo	hi
F5_P2_MMD9_L001	hi	hi
F5_P3_M43_L001	hi	lo
F5_P5_M83_L001	hi	hi
F6_P2_M13_L001	hi	hi
F6_P2_MMD8_L001	lo	lo
F6_P3_M55_L001	lo	hi
F6_P4_M43_L001	lo	lo
F6_P4_M45_L001	lo	hi
F6_P4_M71_L001	hi	hi
F6_P4_M79_L001	lo	hi
F6_P6_M83_L001	hi	hi
F7_P1_M74_L001	hi	hi
F7_P1_M79_L001	hi	hi
F7_P2_MMD1-84B_L001	hi	lo
F7_P3_M67_L001	hi	hi
F8_P1_M74_L001	lo	hi
F8_P2_M83_L001	lo	lo
F8_P3_MMD5_L001	lo	hi
F8_P4_M71_L001	hi	hi
F8_P7_M74_T_enriched	lo	lo
F9_P12_MMD2-36B_T_enriched	lo	lo
F9_P1_M23	hi	lo
F9_P1_M44_L001	lo	lo
F9_P1_M71_L001	lo	hi
F9_P3_M55_L001	hi	hi
F9_P3_M71_L001	lo	lo
F9_P4_MMD8_L001	hi	lo
F9_P5_M89_L001	hi	hi
F9_P6_M51_L001	lo	lo
G10_P1_M43_L001	hi	lo
G10_P1_M47	lo	lo
G10_P1_MMD1-84B_L001	lo	hi
G10_P3_M67_L001	lo	lo
G10_P5_MMD8_L001	hi	lo
G11_P2_M13_L001	lo	hi
G11_P2_MMD1-84B_L001	hi	lo
G11_P2_MMD7_L001	hi	hi
G11_P3_MMD1-84B_L001	lo	lo
G11_P5_M68_L001	lo	lo
G11_P8_MMD2-36B_L001	hi	hi
G12_P1_M71_L001	hi	lo
G12_P1_M74_L001	hi	lo
G12_P4_MMD7_L001	lo	lo
G12_P5_M74_L001	hi	hi
G12_P5_MMD8_L001	hi	lo
G12_P8_MMD2-36B_L001	hi	hi
G1_P1_M44_L001	lo	hi
G1_P1_M71_L001	hi	hi
G1_P2_M15	hi	lo
G1_P2_M23	lo	hi
G1_P2_M90-7-31-17	lo	lo
G1_P3_M13_L001	hi	hi
G1_P3_M55_L001	hi	hi
G1_P3_M79_L001	lo	lo
G1_P5_M13_L001	hi	lo
G1_P5_M45_L001	lo	hi
G1_P6_M51_L001	hi	hi
G1_P9_M36_L001	lo	hi
G2_P1_M43_L001	lo	hi
G2_P1_M47	hi	hi
G2_P1_M68_L001	lo	hi
G2_P2_M23	hi	lo
G2_P2_MMD1-84A_L001	lo	hi
G2_P3_M71_L001	lo	lo
G2_P3_M89_L001	lo	lo
G3_P10_MMD5_L001	lo	hi
G3_P1_M47	hi	lo
G3_P2_MMD9_L001	lo	lo
G3_P3_M71_L001	hi	lo
G3_P3_MMD1-84B_L001	hi	hi
G3_P5_M89_L001	hi	hi
G3_P6_M36_L001	lo	hi
G3_P6_M68_L001	hi	hi
G3_P8_MMD2-36B_L001	hi	lo
G4_P1_M15	lo	hi
G5_P10_MMD2-36B_L001	lo	lo
G5_P1_M43_L001	lo	lo
G5_P1_M68_L001	lo	lo
G5_P2_M67_L001	hi	hi
G5_P2_M79_L001	hi	hi
G5_P3_M44_L001	hi	lo
G5_P3_MMD1-84B_L001	hi	hi
G5_P4_M74_L001	lo	lo
G5_P4_M89_L001	lo	hi
G6_P1_M47	lo	hi
G6_P1_MMD8_L001	lo	lo
G6_P2_M55_L001	lo	lo
G6_P2_M71_L001	lo	hi
G6_P3_M23	lo	lo
G6_P3_M89_L001	lo	lo
G6_P3_MMD9_L001	hi	hi
G6_P4_M23	lo	lo
G6_P5_M89_L001	lo	lo
G6_P9_MMD2-36B_L001	hi	hi
G7_P10_MMD2-36B_L001	hi	lo
G7_P2_M55_L001	hi	hi
G7_P2_M90-7-31-17	lo	lo
G7_P3_M13_L001	hi	hi
G7_P4_MMD1-84B_L001	hi	lo
G7_P5_M45_L001	lo	hi
G7_P6_M51_L001	hi	hi
G7_P7_M47_T_enriched	lo	lo
G8_P1_M51_L001	lo	hi
G8_P2_M15	hi	lo
G8_P3_M13_L001	hi	hi
G8_P3_M39	lo	lo
G8_P3_M89_L001	lo	lo
G8_P4_M44_L001	hi	lo
G9_P1_M55_L001	hi	hi
G9_P1_MMD9_L001	hi	lo
G9_P2_MMD1-84B_L001	hi	lo
H10_P1_MMD9_L001	hi	lo
H10_P5_M13_L001	hi	hi
H10_P5_M45_L001	lo	hi
H11_P2_M23	hi	lo
H11_P3_M15	lo	lo
H11_P3_M47	lo	lo
H11_P3_M79_L001	hi	lo
H11_P4_M45_L001	hi	hi
H11_P4_M79_L001	lo	lo
H11_P5_M83_L001	hi	lo
H11_P8_M47_T_enriched	hi	hi
H12_P1_MMD6_L001	lo	hi
H12_P1_MMD8_L001	hi	hi
H12_P2_M83_L001	lo	lo
H12_P2_MMD1-84A_L001	lo	hi
H12_P3_MMD9_L001	lo	lo
H12_P5_M47_L001	lo	hi
H12_P6_M14	hi	hi
H1_P1_MMD1-84B_L001	hi	hi
H1_P2_MMD8_L001	hi	hi
H1_P3_M47	hi	lo
H1_P5_M45_L001	hi	hi
H1_P6_M83_L001	lo	lo
H1_P7_M47_T_enriched	hi	hi
H1_P8_MMD2-36B_L001	hi	lo
H2_P2_M15	hi	lo
H2_P2_M39	hi	hi
H2_P2_MMD9_L001	hi	hi
H2_P3_M44_L001	lo	hi
H2_P3_MMD1-84A_L001	hi	lo
H2_P5_MMD8_L001	lo	lo
H2_P6_M83_L001	hi	hi
H3_P1_MMD8_L001	hi	lo
H3_P2_M47	hi	lo
H3_P2_M71_L001	lo	hi
H3_P3_M71_L001	lo	lo
H3_P3_M74_L001	lo	lo
H3_P4_MMD7_L001	hi	lo
H4_P1_M45_L001	lo	lo
H4_P1_M90-7-31-17	lo	lo
H4_P1_MMD1-84B_L001	hi	lo
H4_P4_M43_L001	lo	hi
H4_P4_M79_L001	hi	hi
H4_P8_MMD2-36B_L001	lo	lo
H5_P1_M43_L001	lo	lo
H5_P2_M90-7-24-17	hi	hi
H5_P2_MMD7_L001	hi	hi
H5_P3_M68_L001	lo	hi
H5_P3_MMD1-84A_L001	lo	lo
H5_P4_M39	lo	lo
H5_P4_M89_L001	hi	hi
H5_P5_M47_L001	lo	lo
H5_P5_M68_L001	lo	lo
H5_P7_M63-B1	hi	lo
H5_P9_M47_T_enriched	hi	lo
H6_P1_M39	hi	hi
H6_P2_M23	lo	lo
H6_P4_MMD7_L001	lo	lo
H6_P5_M74_L001	hi	hi
H7_P1_M39	lo	lo
H7_P5_M68_L001	hi	hi
H7_P6_M15	lo	lo
H7_P7_M74_T_enriched	hi	hi
H8_P1_M39	lo	lo
H8_P2_M23	hi	hi
H8_P2_MMD8_L001	lo	hi
H8_P3_M68_L001	hi	lo
H8_P5_M44_L001	hi	lo
H9_P11_MMD5_L001	hi	lo
H9_P1_M74_L001	hi	hi
H9_P2_M83_L001	hi	hi
H9_P3_M23	lo	hi
H9_P3_M55_L001	lo	lo
H9_P4_M39	hi	lo
H9_P4_M45_L001	lo	lo
H9_P5_M47_L001	hi	hi
H9_P5_M68_L001	lo	hi
H9_P7_M47_T_enriched	lo	lo
H9_P7_M63-B1	hi	lo
H9_P9_MMD2-36B_L001	hi	hi
