direction	partner	pathway	prob_hi	prob_lo	pval_hi	pval_lo	delta_prob	abs_delta	sig_hi	sig_lo	sig_either	favored
Outgoing_CD4_to_partner	B	MHC-I	0.0417128186264254	0.0403161135620192			0.00139670506440624	0.00139670506440624				Glyco_hi
Outgoing_CD4_to_partner	B	MHC-II	0	0			0	0				Equal
Outgoing_CD4_to_partner	B	MIF	0.554052237386063	0.289727691174869			0.264324546211194	0.264324546211194				Glyco_hi
Outgoing_CD4_to_partner	B	GALECTIN	0	0			0	0				Equal
Outgoing_CD4_to_partner	B	CD99	0.0519308548978999	0.052066916189852			-0.000136061291952094	0.000136061291952094				Glyco_lo
Outgoing_CD4_to_partner	B	ICAM	0	0			0	0				Equal
Outgoing_CD4_to_partner	B	CypA	0	0			0	0				Equal
Outgoing_CD4_to_partner	B	APP	0	0			0	0				Equal
Outgoing_CD4_to_partner	B	ANNEXIN	0	0			0	0				Equal
Outgoing_CD4_to_partner	B	CCL	0	0			0	0				Equal
Outgoing_CD4_to_partner	B	SELPLG	0.130859880476474	0.0957981119484455			0.035061768528029	0.035061768528029				Glyco_hi
Outgoing_CD4_to_partner	B	CD45	0.294963623875903	0.294629124278348			0.000334499597555271	0.000334499597555271				Glyco_hi
Outgoing_CD4_to_partner	B	SIRP	0.0625190735812931	0.0644059276024043			-0.00188685402111119	0.00188685402111119				Glyco_lo
Outgoing_CD4_to_partner	B	LCK	0	0			0	0				Equal
Outgoing_CD4_to_partner	B	IL16	0	0			0	0				Equal
Outgoing_CD4_to_partner	B	SEMA4	0.0472506293821629	0.0716935200769912			-0.0244428906948283	0.0244428906948283				Glyco_lo
Outgoing_CD4_to_partner	B	CLEC	0	0			0	0				Equal
Outgoing_CD4_to_partner	B	CXCL	0.0213327373421552	0.0278190964765515			-0.00648635913439627	0.00648635913439627				Glyco_lo
Outgoing_CD4_to_partner	B	CD23	0	0			0	0				Equal
Outgoing_CD4_to_partner	B	PARs	0	0			0	0				Equal
Outgoing_CD4_to_partner	B	LAIR1	0	0			0	0				Equal
Outgoing_CD4_to_partner	B	IFN-II	0.0113123377541885	0.0119895864963247			-0.000677248742136117	0.000677248742136117				Glyco_lo
Outgoing_CD4_to_partner	B	JAM	0	0			0	0				Equal
Outgoing_CD4_to_partner	B	CD86	0	0			0	0				Equal
Outgoing_CD4_to_partner	B	VISFATIN	0	0			0	0				Equal
Outgoing_CD4_to_partner	B	TNF	0	0			0	0				Equal
Outgoing_CD4_to_partner	B	VCAM	0	0			0	0				Equal
Outgoing_CD4_to_partner	B	APRIL	0	0			0	0				Equal
Outgoing_CD4_to_partner	B	BTLA	0	0			0	0				Equal
Outgoing_CD4_to_partner	B	BAFF	0	0			0	0				Equal
Outgoing_CD4_to_partner	B	CD6	0	0			0	0				Equal
Outgoing_CD4_to_partner	B	CADM	0	0			0	0				Equal
Outgoing_CD4_to_partner	B	ICOS	0	0			0	0				Equal
Outgoing_CD4_to_partner	B	LAMININ	0	0			0	0				Equal
Outgoing_CD4_to_partner	B	CD48	0	0			0	0				Equal
Outgoing_CD4_to_partner	B	GRN	0	0			0	0				Equal
Outgoing_CD4_to_partner	B	CD137	0	0			0	0				Equal
Outgoing_CD4_to_partner	B	CD39	0	0			0	0				Equal
Outgoing_CD4_to_partner	B	CDH1	0	0			0	0				Equal
Outgoing_CD4_to_partner	B	GAS	0	0			0	0				Equal
Outgoing_CD4_to_partner	B	SEMA3	0	0			0	0				Equal
Outgoing_CD4_to_partner	B	SEMA7	0	0			0	0				Equal
Outgoing_CD4_to_partner	B	FASLG	0	0			0	0				Equal
Outgoing_CD4_to_partner	B	COMPLEMENT	0	0			0	0				Equal
Outgoing_CD4_to_partner	B	CALCR	0	0			0	0				Equal
Outgoing_CD4_to_partner	B	MPZ	0	0			0	0				Equal
Outgoing_CD4_to_partner	B	CDH	0	0			0	0				Equal
Outgoing_CD4_to_partner	B	NCAM	0	0			0	0				Equal
Outgoing_CD4_to_partner	CD8T	MHC-I	3.70680583964759	3.68482896324522			0.0219768764023667	0.0219768764023667				Glyco_hi
Outgoing_CD4_to_partner	CD8T	MHC-II	0	0			0	0				Equal
Outgoing_CD4_to_partner	CD8T	MIF	0.247763490938988	0			0.247763490938988	0.247763490938988				Glyco_hi
Outgoing_CD4_to_partner	CD8T	GALECTIN	0	0			0	0				Equal
Outgoing_CD4_to_partner	CD8T	CD99	0.197792501312813	0.198269691589633			-0.000477190276820055	0.000477190276820055				Glyco_lo
Outgoing_CD4_to_partner	CD8T	ICAM	0	0			0	0				Equal
Outgoing_CD4_to_partner	CD8T	CypA	0	0			0	0				Equal
Outgoing_CD4_to_partner	CD8T	APP	0	0			0	0				Equal
Outgoing_CD4_to_partner	CD8T	ANNEXIN	0	0			0	0				Equal
Outgoing_CD4_to_partner	CD8T	CCL	0.0872274690087238	0.110676850592506			-0.0234493815837822	0.0234493815837822				Glyco_lo
Outgoing_CD4_to_partner	CD8T	SELPLG	0	0			0	0				Equal
Outgoing_CD4_to_partner	CD8T	CD45	0	0			0	0				Equal
Outgoing_CD4_to_partner	CD8T	SIRP	0	0.0536660439110442			-0.0536660439110442	0.0536660439110442				Glyco_lo
Outgoing_CD4_to_partner	CD8T	LCK	0.228325674891759	0.238811534886537			-0.0104858599947785	0.0104858599947785				Glyco_lo
Outgoing_CD4_to_partner	CD8T	IL16	0	0			0	0				Equal
Outgoing_CD4_to_partner	CD8T	SEMA4	0	0			0	0				Equal
Outgoing_CD4_to_partner	CD8T	CLEC	0	0			0	0				Equal
Outgoing_CD4_to_partner	CD8T	CXCL	0.0100444456086341	0.0131446248292157			-0.00310017922058159	0.00310017922058159				Glyco_lo
Outgoing_CD4_to_partner	CD8T	CD23	0	0			0	0				Equal
Outgoing_CD4_to_partner	CD8T	PARs	0.0191063018464359	0.049288763417444			-0.0301824615710082	0.0301824615710082				Glyco_lo
Outgoing_CD4_to_partner	CD8T	LAIR1	0	0			0	0				Equal
Outgoing_CD4_to_partner	CD8T	IFN-II	0	0			0	0				Equal
Outgoing_CD4_to_partner	CD8T	JAM	0	0			0	0				Equal
Outgoing_CD4_to_partner	CD8T	CD86	0	0			0	0				Equal
Outgoing_CD4_to_partner	CD8T	VISFATIN	0	0			0	0				Equal
Outgoing_CD4_to_partner	CD8T	TNF	0	0			0	0				Equal
Outgoing_CD4_to_partner	CD8T	VCAM	0	0			0	0				Equal
Outgoing_CD4_to_partner	CD8T	APRIL	0	0			0	0				Equal
Outgoing_CD4_to_partner	CD8T	BTLA	0	0			0	0				Equal
Outgoing_CD4_to_partner	CD8T	BAFF	0	0			0	0				Equal
Outgoing_CD4_to_partner	CD8T	CD6	0	0			0	0				Equal
Outgoing_CD4_to_partner	CD8T	CADM	0	0			0	0				Equal
Outgoing_CD4_to_partner	CD8T	ICOS	0	0			0	0				Equal
Outgoing_CD4_to_partner	CD8T	LAMININ	0	0			0	0				Equal
Outgoing_CD4_to_partner	CD8T	CD48	0	0			0	0				Equal
Outgoing_CD4_to_partner	CD8T	GRN	0	0			0	0				Equal
Outgoing_CD4_to_partner	CD8T	CD137	0	0.00326561510854697			-0.00326561510854697	0.00326561510854697				Glyco_lo
Outgoing_CD4_to_partner	CD8T	CD39	0	0			0	0				Equal
Outgoing_CD4_to_partner	CD8T	CDH1	0	0			0	0				Equal
Outgoing_CD4_to_partner	CD8T	GAS	0	0			0	0				Equal
Outgoing_CD4_to_partner	CD8T	SEMA3	0	0			0	0				Equal
Outgoing_CD4_to_partner	CD8T	SEMA7	0	0			0	0				Equal
Outgoing_CD4_to_partner	CD8T	FASLG	0	0			0	0				Equal
Outgoing_CD4_to_partner	CD8T	COMPLEMENT	0	0			0	0				Equal
Outgoing_CD4_to_partner	CD8T	CALCR	0	0			0	0				Equal
Outgoing_CD4_to_partner	CD8T	MPZ	0	0			0	0				Equal
Outgoing_CD4_to_partner	CD8T	CDH	0	0			0	0				Equal
Outgoing_CD4_to_partner	CD8T	NCAM	0	0			0	0				Equal
Outgoing_CD4_to_partner	MonoMacro	MHC-I	0.393952457809873	0.384189550721274			0.00976290708859973	0.00976290708859973				Glyco_hi
Outgoing_CD4_to_partner	MonoMacro	MHC-II	0.784140790222561	0.917521920386718			-0.133381130164157	0.133381130164157				Glyco_lo
Outgoing_CD4_to_partner	MonoMacro	MIF	0.273036877793757	0.262429194678101			0.0106076831156559	0.0106076831156559				Glyco_hi
Outgoing_CD4_to_partner	MonoMacro	GALECTIN	0	0			0	0				Equal
Outgoing_CD4_to_partner	MonoMacro	CD99	0.253814974420068	0.254422833937833			-0.000607859517765208	0.000607859517765208				Glyco_lo
Outgoing_CD4_to_partner	MonoMacro	ICAM	0	0			0	0				Equal
Outgoing_CD4_to_partner	MonoMacro	CypA	0.232895407097036	0.231642670851756			0.00125273624527966	0.00125273624527966				Glyco_hi
Outgoing_CD4_to_partner	MonoMacro	APP	0	0			0	0				Equal
Outgoing_CD4_to_partner	MonoMacro	ANNEXIN	0.365084807533426	0.365311093688335			-0.000226286154908273	0.000226286154908273				Glyco_lo
Outgoing_CD4_to_partner	MonoMacro	CCL	0.0640074656052948	0.144109426863888			-0.0801019612585935	0.0801019612585935				Glyco_lo
Outgoing_CD4_to_partner	MonoMacro	SELPLG	0.0363116738716099	0			0.0363116738716099	0.0363116738716099				Glyco_hi
Outgoing_CD4_to_partner	MonoMacro	CD45	0	0			0	0				Equal
Outgoing_CD4_to_partner	MonoMacro	SIRP	0.0597272435608071	0.0615353695464942			-0.0018081259856871	0.0018081259856871				Glyco_lo
Outgoing_CD4_to_partner	MonoMacro	LCK	0	0			0	0				Equal
Outgoing_CD4_to_partner	MonoMacro	IL16	0.0605176434291768	0.0708936562547754			-0.0103760128255986	0.0103760128255986				Glyco_lo
Outgoing_CD4_to_partner	MonoMacro	SEMA4	0.0555120483706705	0.0848427744866112			-0.0293307261159407	0.0293307261159407				Glyco_lo
Outgoing_CD4_to_partner	MonoMacro	CLEC	0	0			0	0				Equal
Outgoing_CD4_to_partner	MonoMacro	CXCL	0	0			0	0				Equal
Outgoing_CD4_to_partner	MonoMacro	CD23	0	0			0	0				Equal
Outgoing_CD4_to_partner	MonoMacro	PARs	0	0			0	0				Equal
Outgoing_CD4_to_partner	MonoMacro	LAIR1	0	0			0	0				Equal
Outgoing_CD4_to_partner	MonoMacro	IFN-II	0.0606062707119625	0.0640434924615861			-0.00343722174962361	0.00343722174962361				Glyco_lo
Outgoing_CD4_to_partner	MonoMacro	JAM	0	0			0	0				Equal
Outgoing_CD4_to_partner	MonoMacro	CD86	0	0			0	0				Equal
Outgoing_CD4_to_partner	MonoMacro	VISFATIN	0.0262574755839391	0.0231092376223908			0.00314823796154828	0.00314823796154828				Glyco_hi
Outgoing_CD4_to_partner	MonoMacro	TNF	0	0			0	0				Equal
Outgoing_CD4_to_partner	MonoMacro	VCAM	0	0			0	0				Equal
Outgoing_CD4_to_partner	MonoMacro	APRIL	0	0			0	0				Equal
Outgoing_CD4_to_partner	MonoMacro	BTLA	0	0			0	0				Equal
Outgoing_CD4_to_partner	MonoMacro	BAFF	0	0			0	0				Equal
Outgoing_CD4_to_partner	MonoMacro	CD6	0.0197163801485183	0.0200302312184935			-0.000313851069975259	0.000313851069975259				Glyco_lo
Outgoing_CD4_to_partner	MonoMacro	CADM	0	0			0	0				Equal
Outgoing_CD4_to_partner	MonoMacro	ICOS	0	0			0	0				Equal
Outgoing_CD4_to_partner	MonoMacro	LAMININ	0	0			0	0				Equal
Outgoing_CD4_to_partner	MonoMacro	CD48	0	0			0	0				Equal
Outgoing_CD4_to_partner	MonoMacro	GRN	0	0			0	0				Equal
Outgoing_CD4_to_partner	MonoMacro	CD137	0	0			0	0				Equal
Outgoing_CD4_to_partner	MonoMacro	CD39	0	0			0	0				Equal
Outgoing_CD4_to_partner	MonoMacro	CDH1	0	0			0	0				Equal
Outgoing_CD4_to_partner	MonoMacro	GAS	0	0			0	0				Equal
Outgoing_CD4_to_partner	MonoMacro	SEMA3	0	0			0	0				Equal
Outgoing_CD4_to_partner	MonoMacro	SEMA7	0	0			0	0				Equal
Outgoing_CD4_to_partner	MonoMacro	FASLG	0	0			0	0				Equal
Outgoing_CD4_to_partner	MonoMacro	COMPLEMENT	0	0			0	0				Equal
Outgoing_CD4_to_partner	MonoMacro	CALCR	0	0			0	0				Equal
Outgoing_CD4_to_partner	MonoMacro	MPZ	0	0			0	0				Equal
Outgoing_CD4_to_partner	MonoMacro	CDH	0	0			0	0				Equal
Outgoing_CD4_to_partner	MonoMacro	NCAM	0	0			0	0				Equal
Outgoing_CD4_to_partner	NK	MHC-I	0.869317505259241	0.873623568347606			-0.00430606308836468	0.00430606308836468				Glyco_lo
Outgoing_CD4_to_partner	NK	MHC-II	0	0			0	0				Equal
Outgoing_CD4_to_partner	NK	MIF	0	0			0	0				Equal
Outgoing_CD4_to_partner	NK	GALECTIN	0	0			0	0				Equal
Outgoing_CD4_to_partner	NK	CD99	0.206381243129342	0.206878021278902			-0.000496778149560423	0.000496778149560423				Glyco_lo
Outgoing_CD4_to_partner	NK	ICAM	0	0			0	0				Equal
Outgoing_CD4_to_partner	NK	CypA	0	0			0	0				Equal
Outgoing_CD4_to_partner	NK	APP	0	0			0	0				Equal
Outgoing_CD4_to_partner	NK	ANNEXIN	0	0			0	0				Equal
Outgoing_CD4_to_partner	NK	CCL	0	0			0	0				Equal
Outgoing_CD4_to_partner	NK	SELPLG	0.0436838917346936	0.0311425765445127			0.0125413151901808	0.0125413151901808				Glyco_hi
Outgoing_CD4_to_partner	NK	CD45	0	0			0	0				Equal
Outgoing_CD4_to_partner	NK	SIRP	0.0632274302946047	0.0651341775083595			-0.00190674721375481	0.00190674721375481				Glyco_lo
Outgoing_CD4_to_partner	NK	LCK	0	0			0	0				Equal
Outgoing_CD4_to_partner	NK	IL16	0	0			0	0				Equal
Outgoing_CD4_to_partner	NK	SEMA4	0	0			0	0				Equal
Outgoing_CD4_to_partner	NK	CLEC	0.165398027229174	0.17531611048098			-0.0099180832518059	0.0099180832518059				Glyco_lo
Outgoing_CD4_to_partner	NK	CXCL	0	0			0	0				Equal
Outgoing_CD4_to_partner	NK	CD23	0	0			0	0				Equal
Outgoing_CD4_to_partner	NK	PARs	0	0			0	0				Equal
Outgoing_CD4_to_partner	NK	LAIR1	0	0			0	0				Equal
Outgoing_CD4_to_partner	NK	IFN-II	0	0			0	0				Equal
Outgoing_CD4_to_partner	NK	JAM	0	0			0	0				Equal
Outgoing_CD4_to_partner	NK	CD86	0	0			0	0				Equal
Outgoing_CD4_to_partner	NK	VISFATIN	0	0			0	0				Equal
Outgoing_CD4_to_partner	NK	TNF	0	0			0	0				Equal
Outgoing_CD4_to_partner	NK	VCAM	0	0			0	0				Equal
Outgoing_CD4_to_partner	NK	APRIL	0	0			0	0				Equal
Outgoing_CD4_to_partner	NK	BTLA	0	0			0	0				Equal
Outgoing_CD4_to_partner	NK	BAFF	0	0			0	0				Equal
Outgoing_CD4_to_partner	NK	CD6	0	0			0	0				Equal
Outgoing_CD4_to_partner	NK	CADM	0	0			0	0				Equal
Outgoing_CD4_to_partner	NK	ICOS	0	0			0	0				Equal
Outgoing_CD4_to_partner	NK	LAMININ	0	0			0	0				Equal
Outgoing_CD4_to_partner	NK	CD48	0.00844182857121802	0.0084871585546117			-4.53299833936809e-05	4.53299833936809e-05				Glyco_lo
Outgoing_CD4_to_partner	NK	GRN	0	0			0	0				Equal
Outgoing_CD4_to_partner	NK	CD137	0	0			0	0				Equal
Outgoing_CD4_to_partner	NK	CD39	0	0			0	0				Equal
Outgoing_CD4_to_partner	NK	CDH1	0	0			0	0				Equal
Outgoing_CD4_to_partner	NK	GAS	0	0			0	0				Equal
Outgoing_CD4_to_partner	NK	SEMA3	0	0			0	0				Equal
Outgoing_CD4_to_partner	NK	SEMA7	0	0			0	0				Equal
Outgoing_CD4_to_partner	NK	FASLG	0	0			0	0				Equal
Outgoing_CD4_to_partner	NK	COMPLEMENT	0	0			0	0				Equal
Outgoing_CD4_to_partner	NK	CALCR	0	0			0	0				Equal
Outgoing_CD4_to_partner	NK	MPZ	0	0			0	0				Equal
Outgoing_CD4_to_partner	NK	CDH	0	0			0	0				Equal
Outgoing_CD4_to_partner	NK	NCAM	0	0			0	0				Equal
Outgoing_CD4_to_partner	pDC	MHC-I	0.191030021702583	0.185402542251011			0.00562747945157241	0.00562747945157241				Glyco_hi
Outgoing_CD4_to_partner	pDC	MHC-II	0.989924076811774	1.15396524474687			-0.164041167935092	0.164041167935092				Glyco_lo
Outgoing_CD4_to_partner	pDC	MIF	0.307612792892354	0.296209152385589			0.0114036405067647	0.0114036405067647				Glyco_hi
Outgoing_CD4_to_partner	pDC	GALECTIN	0	0			0	0				Equal
Outgoing_CD4_to_partner	pDC	CD99	0.169909552305431	0.170299198772219			-0.00038964646678849	0.00038964646678849				Glyco_lo
Outgoing_CD4_to_partner	pDC	ICAM	0	0			0	0				Equal
Outgoing_CD4_to_partner	pDC	CypA	0.218671155818231	0.217473240332688			0.00119791548554229	0.00119791548554229				Glyco_hi
Outgoing_CD4_to_partner	pDC	APP	0	0			0	0				Equal
Outgoing_CD4_to_partner	pDC	ANNEXIN	0	0			0	0				Equal
Outgoing_CD4_to_partner	pDC	CCL	0	0			0	0				Equal
Outgoing_CD4_to_partner	pDC	SELPLG	0.166011063535987	0.122862473059414			0.0431485904765731	0.0431485904765731				Glyco_hi
Outgoing_CD4_to_partner	pDC	CD45	0	0			0	0				Equal
Outgoing_CD4_to_partner	pDC	SIRP	0.0760247464565217	0.0782851702062085			-0.00226042374968677	0.00226042374968677				Glyco_lo
Outgoing_CD4_to_partner	pDC	LCK	0	0			0	0				Equal
Outgoing_CD4_to_partner	pDC	IL16	0.0780315829599243	0.0911191950725328			-0.0130876121126085	0.0130876121126085				Glyco_lo
Outgoing_CD4_to_partner	pDC	SEMA4	0.045137529338088	0.0685659745525658			-0.0234284452144778	0.0234284452144778				Glyco_lo
Outgoing_CD4_to_partner	pDC	CLEC	0	0			0	0				Equal
Outgoing_CD4_to_partner	pDC	CXCL	0.0359932180136036	0.0467243734313592			-0.0107311554177556	0.0107311554177556				Glyco_lo
Outgoing_CD4_to_partner	pDC	CD23	0	0			0	0				Equal
Outgoing_CD4_to_partner	pDC	PARs	0	0			0	0				Equal
Outgoing_CD4_to_partner	pDC	LAIR1	0	0			0	0				Equal
Outgoing_CD4_to_partner	pDC	IFN-II	0.0128264212095793	0.013593069081458			-0.000766647871878646	0.000766647871878646				Glyco_lo
Outgoing_CD4_to_partner	pDC	JAM	0	0			0	0				Equal
Outgoing_CD4_to_partner	pDC	CD86	0	0			0	0				Equal
Outgoing_CD4_to_partner	pDC	VISFATIN	0	0			0	0				Equal
Outgoing_CD4_to_partner	pDC	TNF	0	0			0	0				Equal
Outgoing_CD4_to_partner	pDC	VCAM	0	0			0	0				Equal
Outgoing_CD4_to_partner	pDC	APRIL	0	0			0	0				Equal
Outgoing_CD4_to_partner	pDC	BTLA	0	0			0	0				Equal
Outgoing_CD4_to_partner	pDC	BAFF	0	0			0	0				Equal
Outgoing_CD4_to_partner	pDC	CD6	0.0188606985806317	0.0191611949064641			-0.000300496325832386	0.000300496325832386				Glyco_lo
Outgoing_CD4_to_partner	pDC	CADM	0	0			0	0				Equal
Outgoing_CD4_to_partner	pDC	ICOS	0	0			0	0				Equal
Outgoing_CD4_to_partner	pDC	LAMININ	0	0			0	0				Equal
Outgoing_CD4_to_partner	pDC	CD48	0	0			0	0				Equal
Outgoing_CD4_to_partner	pDC	GRN	0	0			0	0				Equal
Outgoing_CD4_to_partner	pDC	CD137	0	0			0	0				Equal
Outgoing_CD4_to_partner	pDC	CD39	0	0			0	0				Equal
Outgoing_CD4_to_partner	pDC	CDH1	0	0			0	0				Equal
Outgoing_CD4_to_partner	pDC	GAS	0	0			0	0				Equal
Outgoing_CD4_to_partner	pDC	SEMA3	0	0			0	0				Equal
Outgoing_CD4_to_partner	pDC	SEMA7	0	0			0	0				Equal
Outgoing_CD4_to_partner	pDC	FASLG	0	0			0	0				Equal
Outgoing_CD4_to_partner	pDC	COMPLEMENT	0	0			0	0				Equal
Outgoing_CD4_to_partner	pDC	CALCR	0	0			0	0				Equal
Outgoing_CD4_to_partner	pDC	MPZ	0	0			0	0				Equal
Outgoing_CD4_to_partner	pDC	CDH	0	0			0	0				Equal
Outgoing_CD4_to_partner	pDC	NCAM	0	0			0	0				Equal
Outgoing_CD4_to_partner	Plasma	MHC-I	0.0166607788214277	0.0160935707470922			0.00056720807433553	0.00056720807433553				Glyco_hi
Outgoing_CD4_to_partner	Plasma	MHC-II	0	0			0	0				Equal
Outgoing_CD4_to_partner	Plasma	MIF	0	0			0	0				Equal
Outgoing_CD4_to_partner	Plasma	GALECTIN	0	0			0	0				Equal
Outgoing_CD4_to_partner	Plasma	CD99	0	0			0	0				Equal
Outgoing_CD4_to_partner	Plasma	ICAM	0	0			0	0				Equal
Outgoing_CD4_to_partner	Plasma	CypA	0.215920531803838	0.214733543420867			0.00118698838297066	0.00118698838297066				Glyco_hi
Outgoing_CD4_to_partner	Plasma	APP	0	0			0	0				Equal
Outgoing_CD4_to_partner	Plasma	ANNEXIN	0	0			0	0				Equal
Outgoing_CD4_to_partner	Plasma	CCL	0	0			0	0				Equal
Outgoing_CD4_to_partner	Plasma	SELPLG	0	0			0	0				Equal
Outgoing_CD4_to_partner	Plasma	CD45	0	0			0	0				Equal
Outgoing_CD4_to_partner	Plasma	SIRP	0	0			0	0				Equal
Outgoing_CD4_to_partner	Plasma	LCK	0	0			0	0				Equal
Outgoing_CD4_to_partner	Plasma	IL16	0	0			0	0				Equal
Outgoing_CD4_to_partner	Plasma	SEMA4	0	0			0	0				Equal
Outgoing_CD4_to_partner	Plasma	CLEC	0	0			0	0				Equal
Outgoing_CD4_to_partner	Plasma	CXCL	0	0			0	0				Equal
Outgoing_CD4_to_partner	Plasma	CD23	0	0			0	0				Equal
Outgoing_CD4_to_partner	Plasma	PARs	0	0			0	0				Equal
Outgoing_CD4_to_partner	Plasma	LAIR1	0	0			0	0				Equal
Outgoing_CD4_to_partner	Plasma	IFN-II	0	0			0	0				Equal
Outgoing_CD4_to_partner	Plasma	JAM	0	0			0	0				Equal
Outgoing_CD4_to_partner	Plasma	CD86	0	0			0	0				Equal
Outgoing_CD4_to_partner	Plasma	VISFATIN	0	0			0	0				Equal
Outgoing_CD4_to_partner	Plasma	TNF	0	0			0	0				Equal
Outgoing_CD4_to_partner	Plasma	VCAM	0	0			0	0				Equal
Outgoing_CD4_to_partner	Plasma	APRIL	0	0			0	0				Equal
Outgoing_CD4_to_partner	Plasma	BTLA	0	0			0	0				Equal
Outgoing_CD4_to_partner	Plasma	BAFF	0	0			0	0				Equal
Outgoing_CD4_to_partner	Plasma	CD6	0.00325152254810099	0.00330416464324432			-5.26420951433228e-05	5.26420951433228e-05				Glyco_lo
Outgoing_CD4_to_partner	Plasma	CADM	0	0.00832873925933137			-0.00832873925933137	0.00832873925933137				Glyco_lo
Outgoing_CD4_to_partner	Plasma	ICOS	0	0			0	0				Equal
Outgoing_CD4_to_partner	Plasma	LAMININ	0	0			0	0				Equal
Outgoing_CD4_to_partner	Plasma	CD48	0	0			0	0				Equal
Outgoing_CD4_to_partner	Plasma	GRN	0	0			0	0				Equal
Outgoing_CD4_to_partner	Plasma	CD137	0	0			0	0				Equal
Outgoing_CD4_to_partner	Plasma	CD39	0	0			0	0				Equal
Outgoing_CD4_to_partner	Plasma	CDH1	0	0			0	0				Equal
Outgoing_CD4_to_partner	Plasma	GAS	0	0			0	0				Equal
Outgoing_CD4_to_partner	Plasma	SEMA3	0	0			0	0				Equal
Outgoing_CD4_to_partner	Plasma	SEMA7	0	0			0	0				Equal
Outgoing_CD4_to_partner	Plasma	FASLG	0	0			0	0				Equal
Outgoing_CD4_to_partner	Plasma	COMPLEMENT	0	0			0	0				Equal
Outgoing_CD4_to_partner	Plasma	CALCR	0	0			0	0				Equal
Outgoing_CD4_to_partner	Plasma	MPZ	0	0			0	0				Equal
Outgoing_CD4_to_partner	Plasma	CDH	0	0			0	0				Equal
Outgoing_CD4_to_partner	Plasma	NCAM	0	0			0	0				Equal
Outgoing_CD4_to_partner	Tprolif	MHC-I	0.349851196861955	0.351267975440694			-0.00141677857873812	0.00141677857873812				Glyco_lo
Outgoing_CD4_to_partner	Tprolif	MHC-II	0	0			0	0				Equal
Outgoing_CD4_to_partner	Tprolif	MIF	0	0			0	0				Equal
Outgoing_CD4_to_partner	Tprolif	GALECTIN	0	0			0	0				Equal
Outgoing_CD4_to_partner	Tprolif	CD99	0.230040909733656	0.230579567074167			-0.000538657340510562	0.000538657340510562				Glyco_lo
Outgoing_CD4_to_partner	Tprolif	ICAM	0	0			0	0				Equal
Outgoing_CD4_to_partner	Tprolif	CypA	0.203615729722752	0.202478916860454			0.00113681286229794	0.00113681286229794				Glyco_hi
Outgoing_CD4_to_partner	Tprolif	APP	0	0			0	0				Equal
Outgoing_CD4_to_partner	Tprolif	ANNEXIN	0	0			0	0				Equal
Outgoing_CD4_to_partner	Tprolif	CCL	0.092268832107053	0.11693570499388			-0.0246668728868275	0.0246668728868275				Glyco_lo
Outgoing_CD4_to_partner	Tprolif	SELPLG	0	0			0	0				Equal
Outgoing_CD4_to_partner	Tprolif	CD45	0	0			0	0				Equal
Outgoing_CD4_to_partner	Tprolif	SIRP	0.0579640397136049	0.0597221784552127			-0.00175813874160788	0.00175813874160788				Glyco_lo
Outgoing_CD4_to_partner	Tprolif	LCK	0	0			0	0				Equal
Outgoing_CD4_to_partner	Tprolif	IL16	0	0			0	0				Equal
Outgoing_CD4_to_partner	Tprolif	SEMA4	0	0			0	0				Equal
Outgoing_CD4_to_partner	Tprolif	CLEC	0	0			0	0				Equal
Outgoing_CD4_to_partner	Tprolif	CXCL	0.0218490005464989	0.0284877636130214			-0.00663876306652246	0.00663876306652246				Glyco_lo
Outgoing_CD4_to_partner	Tprolif	CD23	0	0			0	0				Equal
Outgoing_CD4_to_partner	Tprolif	PARs	0.0198380956696247	0.0511163382857993			-0.0312782426161746	0.0312782426161746				Glyco_lo
Outgoing_CD4_to_partner	Tprolif	LAIR1	0	0			0	0				Equal
Outgoing_CD4_to_partner	Tprolif	IFN-II	0	0			0	0				Equal
Outgoing_CD4_to_partner	Tprolif	JAM	0	0			0	0				Equal
Outgoing_CD4_to_partner	Tprolif	CD86	0	0			0	0				Equal
Outgoing_CD4_to_partner	Tprolif	VISFATIN	0	0			0	0				Equal
Outgoing_CD4_to_partner	Tprolif	TNF	0	0			0	0				Equal
Outgoing_CD4_to_partner	Tprolif	VCAM	0.0241911567871267	0.025976795099361			-0.00178563831223435	0.00178563831223435				Glyco_lo
Outgoing_CD4_to_partner	Tprolif	APRIL	0	0			0	0				Equal
Outgoing_CD4_to_partner	Tprolif	BTLA	0	0			0	0				Equal
Outgoing_CD4_to_partner	Tprolif	BAFF	0	0			0	0				Equal
Outgoing_CD4_to_partner	Tprolif	CD6	0	0			0	0				Equal
Outgoing_CD4_to_partner	Tprolif	CADM	0	0.0103735042887219			-0.0103735042887219	0.0103735042887219				Glyco_lo
Outgoing_CD4_to_partner	Tprolif	ICOS	0	0			0	0				Equal
Outgoing_CD4_to_partner	Tprolif	LAMININ	0	0			0	0				Equal
Outgoing_CD4_to_partner	Tprolif	CD48	0	0			0	0				Equal
Outgoing_CD4_to_partner	Tprolif	GRN	0	0			0	0				Equal
Outgoing_CD4_to_partner	Tprolif	CD137	0	0.00471144081913491			-0.00471144081913491	0.00471144081913491				Glyco_lo
Outgoing_CD4_to_partner	Tprolif	CD39	0	0.0013747308663251			-0.0013747308663251	0.0013747308663251				Glyco_lo
Outgoing_CD4_to_partner	Tprolif	CDH1	0	0			0	0				Equal
Outgoing_CD4_to_partner	Tprolif	GAS	0	0			0	0				Equal
Outgoing_CD4_to_partner	Tprolif	SEMA3	0	0			0	0				Equal
Outgoing_CD4_to_partner	Tprolif	SEMA7	0	0			0	0				Equal
Outgoing_CD4_to_partner	Tprolif	FASLG	0	0			0	0				Equal
Outgoing_CD4_to_partner	Tprolif	COMPLEMENT	0	0			0	0				Equal
Outgoing_CD4_to_partner	Tprolif	CALCR	0	0			0	0				Equal
Outgoing_CD4_to_partner	Tprolif	MPZ	0	0			0	0				Equal
Outgoing_CD4_to_partner	Tprolif	CDH	0	0			0	0				Equal
Outgoing_CD4_to_partner	Tprolif	NCAM	0	0			0	0				Equal
Incoming_partner_to_CD4	B	MHC-I	0	2.00758844628149			-2.00758844628149	2.00758844628149				Glyco_lo
Incoming_partner_to_CD4	B	MHC-II	1.05883843002559	0			1.05883843002559	1.05883843002559				Glyco_hi
Incoming_partner_to_CD4	B	MIF	0	0			0	0				Equal
Incoming_partner_to_CD4	B	GALECTIN	0.191535257617858	0.207505771642955			-0.0159705140250969	0.0159705140250969				Glyco_lo
Incoming_partner_to_CD4	B	CD99	0	0			0	0				Equal
Incoming_partner_to_CD4	B	ICAM	0	0			0	0				Equal
Incoming_partner_to_CD4	B	CypA	0	0			0	0				Equal
Incoming_partner_to_CD4	B	APP	0	0			0	0				Equal
Incoming_partner_to_CD4	B	ANNEXIN	0	0			0	0				Equal
Incoming_partner_to_CD4	B	CCL	0	0			0	0				Equal
Incoming_partner_to_CD4	B	SELPLG	0	0			0	0				Equal
Incoming_partner_to_CD4	B	CD45	0	0			0	0				Equal
Incoming_partner_to_CD4	B	SIRP	0	0			0	0				Equal
Incoming_partner_to_CD4	B	LCK	0	0			0	0				Equal
Incoming_partner_to_CD4	B	IL16	0.0456555904706983	0			0.0456555904706983	0.0456555904706983				Glyco_hi
Incoming_partner_to_CD4	B	SEMA4	0	0			0	0				Equal
Incoming_partner_to_CD4	B	CLEC	0	0			0	0				Equal
Incoming_partner_to_CD4	B	CXCL	0	0			0	0				Equal
Incoming_partner_to_CD4	B	CD23	0	0			0	0				Equal
Incoming_partner_to_CD4	B	PARs	0	0			0	0				Equal
Incoming_partner_to_CD4	B	LAIR1	0	0			0	0				Equal
Incoming_partner_to_CD4	B	IFN-II	0	0			0	0				Equal
Incoming_partner_to_CD4	B	JAM	0	0			0	0				Equal
Incoming_partner_to_CD4	B	CD86	0	0			0	0				Equal
Incoming_partner_to_CD4	B	VISFATIN	0	0			0	0				Equal
Incoming_partner_to_CD4	B	TNF	0	0			0	0				Equal
Incoming_partner_to_CD4	B	VCAM	0	0			0	0				Equal
Incoming_partner_to_CD4	B	APRIL	0	0			0	0				Equal
Incoming_partner_to_CD4	B	BTLA	0.0074105353524183	0.00746301024267642			-5.24748902581166e-05	5.24748902581166e-05				Glyco_lo
Incoming_partner_to_CD4	B	BAFF	0	0			0	0				Equal
Incoming_partner_to_CD4	B	CD6	0	0			0	0				Equal
Incoming_partner_to_CD4	B	CADM	0	0			0	0				Equal
Incoming_partner_to_CD4	B	ICOS	0	0			0	0				Equal
Incoming_partner_to_CD4	B	LAMININ	0	0			0	0				Equal
Incoming_partner_to_CD4	B	CD48	0	0			0	0				Equal
Incoming_partner_to_CD4	B	GRN	0	0			0	0				Equal
Incoming_partner_to_CD4	B	CD137	0	0			0	0				Equal
Incoming_partner_to_CD4	B	CD39	0.00106790949914256	0			0.00106790949914256	0.00106790949914256				Glyco_hi
Incoming_partner_to_CD4	B	CDH1	0	0			0	0				Equal
Incoming_partner_to_CD4	B	GAS	0	0			0	0				Equal
Incoming_partner_to_CD4	B	SEMA3	0	0			0	0				Equal
Incoming_partner_to_CD4	B	SEMA7	0	0			0	0				Equal
Incoming_partner_to_CD4	B	FASLG	0	0			0	0				Equal
Incoming_partner_to_CD4	B	COMPLEMENT	0	0			0	0				Equal
Incoming_partner_to_CD4	B	CALCR	0	0			0	0				Equal
Incoming_partner_to_CD4	B	MPZ	0	0			0	0				Equal
Incoming_partner_to_CD4	B	CDH	0	0			0	0				Equal
Incoming_partner_to_CD4	B	NCAM	0	0			0	0				Equal
Incoming_partner_to_CD4	CD8T	MHC-I	1.24066050977354	2.52837519219995			-1.28771468242641	1.28771468242641				Glyco_lo
Incoming_partner_to_CD4	CD8T	MHC-II	0.360473661756876	0			0.360473661756876	0.360473661756876				Glyco_hi
Incoming_partner_to_CD4	CD8T	MIF	0	0			0	0				Equal
Incoming_partner_to_CD4	CD8T	GALECTIN	0	0			0	0				Equal
Incoming_partner_to_CD4	CD8T	CD99	0.151454253475741	0.200040100694783			-0.0485858472190421	0.0485858472190421				Glyco_lo
Incoming_partner_to_CD4	CD8T	ICAM	0	0			0	0				Equal
Incoming_partner_to_CD4	CD8T	CypA	0	0			0	0				Equal
Incoming_partner_to_CD4	CD8T	APP	0	0			0	0				Equal
Incoming_partner_to_CD4	CD8T	ANNEXIN	0	0			0	0				Equal
Incoming_partner_to_CD4	CD8T	CCL	0.0865784912096712	0.161758608087091			-0.0751801168774199	0.0751801168774199				Glyco_lo
Incoming_partner_to_CD4	CD8T	SELPLG	0	0			0	0				Equal
Incoming_partner_to_CD4	CD8T	CD45	0	0			0	0				Equal
Incoming_partner_to_CD4	CD8T	SIRP	0	0			0	0				Equal
Incoming_partner_to_CD4	CD8T	LCK	0.08200778856792	0.13490625349503			-0.0528984649271097	0.0528984649271097				Glyco_lo
Incoming_partner_to_CD4	CD8T	IL16	0.0200868009504616	0			0.0200868009504616	0.0200868009504616				Glyco_hi
Incoming_partner_to_CD4	CD8T	SEMA4	0	0			0	0				Equal
Incoming_partner_to_CD4	CD8T	CLEC	0	0			0	0				Equal
Incoming_partner_to_CD4	CD8T	CXCL	0.0167815402346968	0.0162342221068622			0.000547318127834678	0.000547318127834678				Glyco_hi
Incoming_partner_to_CD4	CD8T	CD23	0	0			0	0				Equal
Incoming_partner_to_CD4	CD8T	PARs	0.0133144397921661	0.0252543763573402			-0.0119399365651742	0.0119399365651742				Glyco_lo
Incoming_partner_to_CD4	CD8T	LAIR1	0	0			0	0				Equal
Incoming_partner_to_CD4	CD8T	IFN-II	0	0			0	0				Equal
Incoming_partner_to_CD4	CD8T	JAM	0	0			0	0				Equal
Incoming_partner_to_CD4	CD8T	CD86	0	0			0	0				Equal
Incoming_partner_to_CD4	CD8T	VISFATIN	0	0			0	0				Equal
Incoming_partner_to_CD4	CD8T	TNF	0	0			0	0				Equal
Incoming_partner_to_CD4	CD8T	VCAM	0	0			0	0				Equal
Incoming_partner_to_CD4	CD8T	APRIL	0	0			0	0				Equal
Incoming_partner_to_CD4	CD8T	BTLA	0	0			0	0				Equal
Incoming_partner_to_CD4	CD8T	BAFF	0	0			0	0				Equal
Incoming_partner_to_CD4	CD8T	CD6	0	0			0	0				Equal
Incoming_partner_to_CD4	CD8T	CADM	0	0			0	0				Equal
Incoming_partner_to_CD4	CD8T	ICOS	0	0			0	0				Equal
Incoming_partner_to_CD4	CD8T	LAMININ	0	0			0	0				Equal
Incoming_partner_to_CD4	CD8T	CD48	0	0			0	0				Equal
Incoming_partner_to_CD4	CD8T	GRN	0	0			0	0				Equal
Incoming_partner_to_CD4	CD8T	CD137	0.00210835757557695	0			0.00210835757557695	0.00210835757557695				Glyco_hi
Incoming_partner_to_CD4	CD8T	CD39	0	0			0	0				Equal
Incoming_partner_to_CD4	CD8T	CDH1	0	0			0	0				Equal
Incoming_partner_to_CD4	CD8T	GAS	0	0			0	0				Equal
Incoming_partner_to_CD4	CD8T	SEMA3	0	0			0	0				Equal
Incoming_partner_to_CD4	CD8T	SEMA7	0	0			0	0				Equal
Incoming_partner_to_CD4	CD8T	FASLG	0	0			0	0				Equal
Incoming_partner_to_CD4	CD8T	COMPLEMENT	0	0			0	0				Equal
Incoming_partner_to_CD4	CD8T	CALCR	0	0			0	0				Equal
Incoming_partner_to_CD4	CD8T	MPZ	0	0			0	0				Equal
Incoming_partner_to_CD4	CD8T	CDH	0	0			0	0				Equal
Incoming_partner_to_CD4	CD8T	NCAM	0	0			0	0				Equal
Incoming_partner_to_CD4	MonoMacro	MHC-I	0	1.72890865873947			-1.72890865873947	1.72890865873947				Glyco_lo
Incoming_partner_to_CD4	MonoMacro	MHC-II	1.02229970327349	0			1.02229970327349	1.02229970327349				Glyco_hi
Incoming_partner_to_CD4	MonoMacro	MIF	0.249850921959131	0			0.249850921959131	0.249850921959131				Glyco_hi
Incoming_partner_to_CD4	MonoMacro	GALECTIN	0.661499799881773	0.675699211379223			-0.0141994114974504	0.0141994114974504				Glyco_lo
Incoming_partner_to_CD4	MonoMacro	CD99	0	0			0	0				Equal
Incoming_partner_to_CD4	MonoMacro	ICAM	0.394542119141799	0.392191458545523			0.00235066059627592	0.00235066059627592				Glyco_hi
Incoming_partner_to_CD4	MonoMacro	CypA	0	0			0	0				Equal
Incoming_partner_to_CD4	MonoMacro	APP	0.0537535331800541	0.0543380203562898			-0.000584487176235722	0.000584487176235722				Glyco_lo
Incoming_partner_to_CD4	MonoMacro	ANNEXIN	0	0			0	0				Equal
Incoming_partner_to_CD4	MonoMacro	CCL	0.0221588557221337	0.0392866811318993			-0.0171278254097655	0.0171278254097655				Glyco_lo
Incoming_partner_to_CD4	MonoMacro	SELPLG	0	0			0	0				Equal
Incoming_partner_to_CD4	MonoMacro	CD45	0	0			0	0				Equal
Incoming_partner_to_CD4	MonoMacro	SIRP	0	0			0	0				Equal
Incoming_partner_to_CD4	MonoMacro	LCK	0	0			0	0				Equal
Incoming_partner_to_CD4	MonoMacro	IL16	0.0173579613645908	0			0.0173579613645908	0.0173579613645908				Glyco_hi
Incoming_partner_to_CD4	MonoMacro	SEMA4	0	0			0	0				Equal
Incoming_partner_to_CD4	MonoMacro	CLEC	0	0			0	0				Equal
Incoming_partner_to_CD4	MonoMacro	CXCL	0.0636695663028447	0.0640197041377775			-0.000350137834932762	0.000350137834932762				Glyco_lo
Incoming_partner_to_CD4	MonoMacro	CD23	0	0			0	0				Equal
Incoming_partner_to_CD4	MonoMacro	PARs	0	0			0	0				Equal
Incoming_partner_to_CD4	MonoMacro	LAIR1	0	0			0	0				Equal
Incoming_partner_to_CD4	MonoMacro	IFN-II	0	0			0	0				Equal
Incoming_partner_to_CD4	MonoMacro	JAM	0.0117232574299637	0.0115230296345777			0.000200227795385989	0.000200227795385989				Glyco_hi
Incoming_partner_to_CD4	MonoMacro	CD86	0.114502077443429	0.102598694024198			0.0119033834192312	0.0119033834192312				Glyco_hi
Incoming_partner_to_CD4	MonoMacro	VISFATIN	0	0			0	0				Equal
Incoming_partner_to_CD4	MonoMacro	TNF	0.0329641706600482	0.0263932508777223			0.00657091978232595	0.00657091978232595				Glyco_hi
Incoming_partner_to_CD4	MonoMacro	VCAM	0	0			0	0				Equal
Incoming_partner_to_CD4	MonoMacro	APRIL	0	0			0	0				Equal
Incoming_partner_to_CD4	MonoMacro	BTLA	0	0			0	0				Equal
Incoming_partner_to_CD4	MonoMacro	BAFF	0	0			0	0				Equal
Incoming_partner_to_CD4	MonoMacro	CD6	0	0			0	0				Equal
Incoming_partner_to_CD4	MonoMacro	CADM	0	0			0	0				Equal
Incoming_partner_to_CD4	MonoMacro	ICOS	0	0			0	0				Equal
Incoming_partner_to_CD4	MonoMacro	LAMININ	0	0			0	0				Equal
Incoming_partner_to_CD4	MonoMacro	CD48	0	0			0	0				Equal
Incoming_partner_to_CD4	MonoMacro	GRN	0	0			0	0				Equal
Incoming_partner_to_CD4	MonoMacro	CD137	0	0			0	0				Equal
Incoming_partner_to_CD4	MonoMacro	CD39	0.00198375157641549	0			0.00198375157641549	0.00198375157641549				Glyco_hi
Incoming_partner_to_CD4	MonoMacro	CDH1	0	0			0	0				Equal
Incoming_partner_to_CD4	MonoMacro	GAS	0	0			0	0				Equal
Incoming_partner_to_CD4	MonoMacro	SEMA3	0	0			0	0				Equal
Incoming_partner_to_CD4	MonoMacro	SEMA7	0	0			0	0				Equal
Incoming_partner_to_CD4	MonoMacro	FASLG	0	0			0	0				Equal
Incoming_partner_to_CD4	MonoMacro	COMPLEMENT	0	0			0	0				Equal
Incoming_partner_to_CD4	MonoMacro	CALCR	0	0			0	0				Equal
Incoming_partner_to_CD4	MonoMacro	MPZ	0	0			0	0				Equal
Incoming_partner_to_CD4	MonoMacro	CDH	0	0			0	0				Equal
Incoming_partner_to_CD4	MonoMacro	NCAM	0	0			0	0				Equal
Incoming_partner_to_CD4	NK	MHC-I	1.19614479415881	2.54796821298006			-1.35182341882125	1.35182341882125				Glyco_lo
Incoming_partner_to_CD4	NK	MHC-II	0.0937785480897555	0			0.0937785480897555	0.0937785480897555				Glyco_hi
Incoming_partner_to_CD4	NK	MIF	0	0			0	0				Equal
Incoming_partner_to_CD4	NK	GALECTIN	0	0			0	0				Equal
Incoming_partner_to_CD4	NK	CD99	0.154607767466673	0.204328921313972			-0.0497211538472988	0.0497211538472988				Glyco_lo
Incoming_partner_to_CD4	NK	ICAM	0	0			0	0				Equal
Incoming_partner_to_CD4	NK	CypA	0	0			0	0				Equal
Incoming_partner_to_CD4	NK	APP	0	0			0	0				Equal
Incoming_partner_to_CD4	NK	ANNEXIN	0	0			0	0				Equal
Incoming_partner_to_CD4	NK	CCL	0.0462152875822273	0.168143451670583			-0.121928164088355	0.121928164088355				Glyco_lo
Incoming_partner_to_CD4	NK	SELPLG	0	0			0	0				Equal
Incoming_partner_to_CD4	NK	CD45	0	0			0	0				Equal
Incoming_partner_to_CD4	NK	SIRP	0	0			0	0				Equal
Incoming_partner_to_CD4	NK	LCK	0	0.105254567143282			-0.105254567143282	0.105254567143282				Glyco_lo
Incoming_partner_to_CD4	NK	IL16	0.0159665067469513	0			0.0159665067469513	0.0159665067469513				Glyco_hi
Incoming_partner_to_CD4	NK	SEMA4	0	0			0	0				Equal
Incoming_partner_to_CD4	NK	CLEC	0	0			0	0				Equal
Incoming_partner_to_CD4	NK	CXCL	0	0			0	0				Equal
Incoming_partner_to_CD4	NK	CD23	0	0			0	0				Equal
Incoming_partner_to_CD4	NK	PARs	0.0154137567337906	0.0291806126927204			-0.0137668559589298	0.0137668559589298				Glyco_lo
Incoming_partner_to_CD4	NK	LAIR1	0	0			0	0				Equal
Incoming_partner_to_CD4	NK	IFN-II	0	0			0	0				Equal
Incoming_partner_to_CD4	NK	JAM	0	0			0	0				Equal
Incoming_partner_to_CD4	NK	CD86	0	0			0	0				Equal
Incoming_partner_to_CD4	NK	VISFATIN	0	0			0	0				Equal
Incoming_partner_to_CD4	NK	TNF	0	0			0	0				Equal
Incoming_partner_to_CD4	NK	VCAM	0	0			0	0				Equal
Incoming_partner_to_CD4	NK	APRIL	0	0			0	0				Equal
Incoming_partner_to_CD4	NK	BTLA	0	0			0	0				Equal
Incoming_partner_to_CD4	NK	BAFF	0	0			0	0				Equal
Incoming_partner_to_CD4	NK	CD6	0	0			0	0				Equal
Incoming_partner_to_CD4	NK	CADM	0	0			0	0				Equal
Incoming_partner_to_CD4	NK	ICOS	0	0			0	0				Equal
Incoming_partner_to_CD4	NK	LAMININ	0	0			0	0				Equal
Incoming_partner_to_CD4	NK	CD48	0	0			0	0				Equal
Incoming_partner_to_CD4	NK	GRN	0	0			0	0				Equal
Incoming_partner_to_CD4	NK	CD137	0	0			0	0				Equal
Incoming_partner_to_CD4	NK	CD39	0	0			0	0				Equal
Incoming_partner_to_CD4	NK	CDH1	0	0			0	0				Equal
Incoming_partner_to_CD4	NK	GAS	0	0			0	0				Equal
Incoming_partner_to_CD4	NK	SEMA3	0	0			0	0				Equal
Incoming_partner_to_CD4	NK	SEMA7	0	0			0	0				Equal
Incoming_partner_to_CD4	NK	FASLG	0	0			0	0				Equal
Incoming_partner_to_CD4	NK	COMPLEMENT	0	0			0	0				Equal
Incoming_partner_to_CD4	NK	CALCR	0	0			0	0				Equal
Incoming_partner_to_CD4	NK	MPZ	0	0			0	0				Equal
Incoming_partner_to_CD4	NK	CDH	0	0			0	0				Equal
Incoming_partner_to_CD4	NK	NCAM	0	0			0	0				Equal
Incoming_partner_to_CD4	pDC	MHC-I	0	2.42979376988048			-2.42979376988048	2.42979376988048				Glyco_lo
Incoming_partner_to_CD4	pDC	MHC-II	1.02868058229448	0			1.02868058229448	1.02868058229448				Glyco_hi
Incoming_partner_to_CD4	pDC	MIF	0	0			0	0				Equal
Incoming_partner_to_CD4	pDC	GALECTIN	0.483999590800039	0.493003008357574			-0.00900341755753536	0.00900341755753536				Glyco_lo
Incoming_partner_to_CD4	pDC	CD99	0.21881056514853	0.225221215181138			-0.0064106500326081	0.0064106500326081				Glyco_lo
Incoming_partner_to_CD4	pDC	ICAM	0.354628339166117	0.35310690266204			0.00152143650407627	0.00152143650407627				Glyco_hi
Incoming_partner_to_CD4	pDC	CypA	0	0			0	0				Equal
Incoming_partner_to_CD4	pDC	APP	0.299800400134529	0.302205823868369			-0.00240542373384028	0.00240542373384028				Glyco_lo
Incoming_partner_to_CD4	pDC	ANNEXIN	0	0			0	0				Equal
Incoming_partner_to_CD4	pDC	CCL	0	0			0	0				Equal
Incoming_partner_to_CD4	pDC	SELPLG	0	0			0	0				Equal
Incoming_partner_to_CD4	pDC	CD45	0	0			0	0				Equal
Incoming_partner_to_CD4	pDC	SIRP	0	0			0	0				Equal
Incoming_partner_to_CD4	pDC	LCK	0	0			0	0				Equal
Incoming_partner_to_CD4	pDC	IL16	0.0567064491893449	0			0.0567064491893449	0.0567064491893449				Glyco_hi
Incoming_partner_to_CD4	pDC	SEMA4	0	0			0	0				Equal
Incoming_partner_to_CD4	pDC	CLEC	0	0			0	0				Equal
Incoming_partner_to_CD4	pDC	CXCL	0.0143441713227475	0.0144272337470141			-8.3062424266549e-05	8.3062424266549e-05				Glyco_lo
Incoming_partner_to_CD4	pDC	CD23	0	0			0	0				Equal
Incoming_partner_to_CD4	pDC	PARs	0	0			0	0				Equal
Incoming_partner_to_CD4	pDC	LAIR1	0	0			0	0				Equal
Incoming_partner_to_CD4	pDC	IFN-II	0	0			0	0				Equal
Incoming_partner_to_CD4	pDC	JAM	0.0444522556778131	0.0437177597332251			0.000734495944588041	0.000734495944588041				Glyco_hi
Incoming_partner_to_CD4	pDC	CD86	0	0			0	0				Equal
Incoming_partner_to_CD4	pDC	VISFATIN	0	0			0	0				Equal
Incoming_partner_to_CD4	pDC	TNF	0	0			0	0				Equal
Incoming_partner_to_CD4	pDC	VCAM	0	0			0	0				Equal
Incoming_partner_to_CD4	pDC	APRIL	0	0			0	0				Equal
Incoming_partner_to_CD4	pDC	BTLA	0.0130165758230359	0.0131082235160519			-9.16476930159383e-05	9.16476930159383e-05				Glyco_lo
Incoming_partner_to_CD4	pDC	BAFF	0	0			0	0				Equal
Incoming_partner_to_CD4	pDC	CD6	0	0			0	0				Equal
Incoming_partner_to_CD4	pDC	CADM	0	0			0	0				Equal
Incoming_partner_to_CD4	pDC	ICOS	0.0352110729243639	0.0301472680223969			0.00506380490196701	0.00506380490196701				Glyco_hi
Incoming_partner_to_CD4	pDC	LAMININ	0	0			0	0				Equal
Incoming_partner_to_CD4	pDC	CD48	0	0			0	0				Equal
Incoming_partner_to_CD4	pDC	GRN	0	0			0	0				Equal
Incoming_partner_to_CD4	pDC	CD137	0.00677958259521959	0			0.00677958259521959	0.00677958259521959				Glyco_hi
Incoming_partner_to_CD4	pDC	CD39	0	0			0	0				Equal
Incoming_partner_to_CD4	pDC	CDH1	0	0.00210782435047302			-0.00210782435047302	0.00210782435047302				Glyco_lo
Incoming_partner_to_CD4	pDC	GAS	0	0			0	0				Equal
Incoming_partner_to_CD4	pDC	SEMA3	0	0			0	0				Equal
Incoming_partner_to_CD4	pDC	SEMA7	0	0			0	0				Equal
Incoming_partner_to_CD4	pDC	FASLG	0	0			0	0				Equal
Incoming_partner_to_CD4	pDC	COMPLEMENT	0	0			0	0				Equal
Incoming_partner_to_CD4	pDC	CALCR	0	0			0	0				Equal
Incoming_partner_to_CD4	pDC	MPZ	0	0			0	0				Equal
Incoming_partner_to_CD4	pDC	CDH	0	0			0	0				Equal
Incoming_partner_to_CD4	pDC	NCAM	0	0			0	0				Equal
Incoming_partner_to_CD4	Plasma	MHC-I	0	1.15040707376553			-1.15040707376553	1.15040707376553				Glyco_lo
Incoming_partner_to_CD4	Plasma	MHC-II	0.103787053632916	0			0.103787053632916	0.103787053632916				Glyco_hi
Incoming_partner_to_CD4	Plasma	MIF	0.565805705063999	0.561798678075614			0.00400702698838473	0.00400702698838473				Glyco_hi
Incoming_partner_to_CD4	Plasma	GALECTIN	0	0			0	0				Equal
Incoming_partner_to_CD4	Plasma	CD99	0	0			0	0				Equal
Incoming_partner_to_CD4	Plasma	ICAM	0.201779458733993	0.199261811453555			0.00251764728043835	0.00251764728043835				Glyco_hi
Incoming_partner_to_CD4	Plasma	CypA	0	0			0	0				Equal
Incoming_partner_to_CD4	Plasma	APP	0	0			0	0				Equal
Incoming_partner_to_CD4	Plasma	ANNEXIN	0	0			0	0				Equal
Incoming_partner_to_CD4	Plasma	CCL	0	0			0	0				Equal
Incoming_partner_to_CD4	Plasma	SELPLG	0	0			0	0				Equal
Incoming_partner_to_CD4	Plasma	CD45	0	0			0	0				Equal
Incoming_partner_to_CD4	Plasma	SIRP	0	0			0	0				Equal
Incoming_partner_to_CD4	Plasma	LCK	0	0			0	0				Equal
Incoming_partner_to_CD4	Plasma	IL16	0.0361194907599737	0			0.0361194907599737	0.0361194907599737				Glyco_hi
Incoming_partner_to_CD4	Plasma	SEMA4	0	0			0	0				Equal
Incoming_partner_to_CD4	Plasma	CLEC	0	0			0	0				Equal
Incoming_partner_to_CD4	Plasma	CXCL	0	0			0	0				Equal
Incoming_partner_to_CD4	Plasma	CD23	0	0			0	0				Equal
Incoming_partner_to_CD4	Plasma	PARs	0	0			0	0				Equal
Incoming_partner_to_CD4	Plasma	LAIR1	0	0			0	0				Equal
Incoming_partner_to_CD4	Plasma	IFN-II	0	0			0	0				Equal
Incoming_partner_to_CD4	Plasma	JAM	0	0			0	0				Equal
Incoming_partner_to_CD4	Plasma	CD86	0	0			0	0				Equal
Incoming_partner_to_CD4	Plasma	VISFATIN	0	0			0	0				Equal
Incoming_partner_to_CD4	Plasma	TNF	0	0			0	0				Equal
Incoming_partner_to_CD4	Plasma	VCAM	0	0			0	0				Equal
Incoming_partner_to_CD4	Plasma	APRIL	0	0			0	0				Equal
Incoming_partner_to_CD4	Plasma	BTLA	0	0			0	0				Equal
Incoming_partner_to_CD4	Plasma	BAFF	0	0			0	0				Equal
Incoming_partner_to_CD4	Plasma	CD6	0	0			0	0				Equal
Incoming_partner_to_CD4	Plasma	CADM	0	0			0	0				Equal
Incoming_partner_to_CD4	Plasma	ICOS	0	0			0	0				Equal
Incoming_partner_to_CD4	Plasma	LAMININ	0.0132247904035106	0.0125451567611161			0.000679633642394548	0.000679633642394548				Glyco_hi
Incoming_partner_to_CD4	Plasma	CD48	0	0			0	0				Equal
Incoming_partner_to_CD4	Plasma	GRN	0	0			0	0				Equal
Incoming_partner_to_CD4	Plasma	CD137	0	0			0	0				Equal
Incoming_partner_to_CD4	Plasma	CD39	0.000883153417546235	0			0.000883153417546235	0.000883153417546235				Glyco_hi
Incoming_partner_to_CD4	Plasma	CDH1	0	0			0	0				Equal
Incoming_partner_to_CD4	Plasma	GAS	0	0			0	0				Equal
Incoming_partner_to_CD4	Plasma	SEMA3	0	0			0	0				Equal
Incoming_partner_to_CD4	Plasma	SEMA7	0	0			0	0				Equal
Incoming_partner_to_CD4	Plasma	FASLG	0	0			0	0				Equal
Incoming_partner_to_CD4	Plasma	COMPLEMENT	0	0			0	0				Equal
Incoming_partner_to_CD4	Plasma	CALCR	0	0			0	0				Equal
Incoming_partner_to_CD4	Plasma	MPZ	0	0			0	0				Equal
Incoming_partner_to_CD4	Plasma	CDH	0	0			0	0				Equal
Incoming_partner_to_CD4	Plasma	NCAM	0	0			0	0				Equal
Incoming_partner_to_CD4	Tprolif	MHC-I	1.0726107784544	2.54892875943542			-1.47631798098102	1.47631798098102				Glyco_lo
Incoming_partner_to_CD4	Tprolif	MHC-II	0.471405224052854	0			0.471405224052854	0.471405224052854				Glyco_hi
Incoming_partner_to_CD4	Tprolif	MIF	0.536135096083698	0.532269085399383			0.00386601068431491	0.00386601068431491				Glyco_hi
Incoming_partner_to_CD4	Tprolif	GALECTIN	0	0			0	0				Equal
Incoming_partner_to_CD4	Tprolif	CD99	0.233128395905366	0.23997126606621			-0.00684287016084376	0.00684287016084376				Glyco_lo
Incoming_partner_to_CD4	Tprolif	ICAM	0	0			0	0				Equal
Incoming_partner_to_CD4	Tprolif	CypA	0	0			0	0				Equal
Incoming_partner_to_CD4	Tprolif	APP	0	0			0	0				Equal
Incoming_partner_to_CD4	Tprolif	ANNEXIN	0	0			0	0				Equal
Incoming_partner_to_CD4	Tprolif	CCL	0.0447867389023066	0.168519824956386			-0.123733086054079	0.123733086054079				Glyco_lo
Incoming_partner_to_CD4	Tprolif	SELPLG	0	0			0	0				Equal
Incoming_partner_to_CD4	Tprolif	CD45	0	0			0	0				Equal
Incoming_partner_to_CD4	Tprolif	SIRP	0.101268669544062	0.133585828018302			-0.0323171584742395	0.0323171584742395				Glyco_lo
Incoming_partner_to_CD4	Tprolif	LCK	0.102632768547743	0.166423325456233			-0.0637905569084904	0.0637905569084904				Glyco_lo
Incoming_partner_to_CD4	Tprolif	IL16	0.0211642496856347	0			0.0211642496856347	0.0211642496856347				Glyco_hi
Incoming_partner_to_CD4	Tprolif	SEMA4	0	0			0	0				Equal
Incoming_partner_to_CD4	Tprolif	CLEC	0	0			0	0				Equal
Incoming_partner_to_CD4	Tprolif	CXCL	0	0			0	0				Equal
Incoming_partner_to_CD4	Tprolif	CD23	0	0			0	0				Equal
Incoming_partner_to_CD4	Tprolif	PARs	0.0167897915225766	0.0317460312172056			-0.0149562396946289	0.0149562396946289				Glyco_lo
Incoming_partner_to_CD4	Tprolif	LAIR1	0	0			0	0				Equal
Incoming_partner_to_CD4	Tprolif	IFN-II	0	0			0	0				Equal
Incoming_partner_to_CD4	Tprolif	JAM	0	0			0	0				Equal
Incoming_partner_to_CD4	Tprolif	CD86	0	0			0	0				Equal
Incoming_partner_to_CD4	Tprolif	VISFATIN	0	0			0	0				Equal
Incoming_partner_to_CD4	Tprolif	TNF	0	0			0	0				Equal
Incoming_partner_to_CD4	Tprolif	VCAM	0	0			0	0				Equal
Incoming_partner_to_CD4	Tprolif	APRIL	0	0			0	0				Equal
Incoming_partner_to_CD4	Tprolif	BTLA	0	0			0	0				Equal
Incoming_partner_to_CD4	Tprolif	BAFF	0	0			0	0				Equal
Incoming_partner_to_CD4	Tprolif	CD6	0	0			0	0				Equal
Incoming_partner_to_CD4	Tprolif	CADM	0	0			0	0				Equal
Incoming_partner_to_CD4	Tprolif	ICOS	0	0			0	0				Equal
Incoming_partner_to_CD4	Tprolif	LAMININ	0	0			0	0				Equal
Incoming_partner_to_CD4	Tprolif	CD48	0	0			0	0				Equal
Incoming_partner_to_CD4	Tprolif	GRN	0	0			0	0				Equal
Incoming_partner_to_CD4	Tprolif	CD137	0.00252200704298996	0			0.00252200704298996	0.00252200704298996				Glyco_hi
Incoming_partner_to_CD4	Tprolif	CD39	0.00119950652615458	0			0.00119950652615458	0.00119950652615458				Glyco_hi
Incoming_partner_to_CD4	Tprolif	CDH1	0	0			0	0				Equal
Incoming_partner_to_CD4	Tprolif	GAS	0	0			0	0				Equal
Incoming_partner_to_CD4	Tprolif	SEMA3	0	0			0	0				Equal
Incoming_partner_to_CD4	Tprolif	SEMA7	0	0			0	0				Equal
Incoming_partner_to_CD4	Tprolif	FASLG	0.00916199601793093	0.000434485747602445			0.00872751027032848	0.00872751027032848				Glyco_hi
Incoming_partner_to_CD4	Tprolif	COMPLEMENT	0	0			0	0				Equal
Incoming_partner_to_CD4	Tprolif	CALCR	0	0			0	0				Equal
Incoming_partner_to_CD4	Tprolif	MPZ	0	0			0	0				Equal
Incoming_partner_to_CD4	Tprolif	CDH	0	0			0	0				Equal
Incoming_partner_to_CD4	Tprolif	NCAM	0	0			0	0				Equal
