sample	response	grp	n_cells	mean_expr	median_expr	detection	gene	analysis
Post_P1	Responder	hi	16	1.068125	0	0.125	CCR5	Glyco
Post_P1	Responder	lo	16	1.045625	0	0.125	CCR5	Glyco
Post_P1_2	Non-responder	hi	28	2.62285714285714	0	0.321428571428571	CCR5	Glyco
Post_P1_2	Non-responder	lo	28	2.34428571428571	0	0.321428571428571	CCR5	Glyco
Post_P2	Non-responder	hi	21	3.32619047619048	0	0.476190476190476	CCR5	Glyco
Post_P2	Non-responder	lo	21	3.00857142857143	0	0.380952380952381	CCR5	Glyco
Post_P3	Non-responder	hi	19	2.05210526315789	0	0.263157894736842	CCR5	Glyco
Post_P3	Non-responder	lo	19	3.71315789473684	0	0.473684210526316	CCR5	Glyco
Post_P3_2	Non-responder	hi	18	0.612222222222222	0	0.0555555555555556	CCR5	Glyco
Post_P3_2	Non-responder	lo	18	3.02055555555556	0	0.333333333333333	CCR5	Glyco
Post_P4	Responder	hi	38	0.433684210526316	0	0.0526315789473684	CCR5	Glyco
Post_P4	Responder	lo	38	0.991578947368421	0	0.131578947368421	CCR5	Glyco
Post_P5	Non-responder	hi	14	2.08785714285714	0	0.285714285714286	CCR5	Glyco
Post_P5	Non-responder	lo	14	4.57571428571429	6.695	0.571428571428571	CCR5	Glyco
Post_P5_2	Responder	hi	28	1.38428571428571	0	0.214285714285714	CCR5	Glyco
Post_P5_2	Responder	lo	28	2.70821428571429	0	0.321428571428571	CCR5	Glyco
Post_P6	Non-responder	hi	12	2.60916666666667	0	0.416666666666667	CCR5	Glyco
Post_P6	Non-responder	lo	12	4.32583333333333	5.2	0.583333333333333	CCR5	Glyco
Post_P7	Responder	hi	8	3.56	0	0.375	CCR5	Glyco
Post_P7	Responder	lo	8	2.28375	0	0.375	CCR5	Glyco
Post_P8	Responder	hi	18	0.837222222222222	0	0.111111111111111	CCR5	Glyco
Post_P8	Responder	lo	18	1.28166666666667	0	0.166666666666667	CCR5	Glyco
Post_P10	Non-responder	hi	33	2.3230303030303	0	0.303030303030303	CCR5	Glyco
Post_P10	Non-responder	lo	33	2.44060606060606	0	0.303030303030303	CCR5	Glyco
Post_P11	Non-responder	hi	17	4.23176470588235	0	0.470588235294118	CCR5	Glyco
Post_P11	Non-responder	lo	17	2.58	0	0.352941176470588	CCR5	Glyco
Post_P12	Non-responder	hi	31	4.0658064516129	1.56	0.516129032258065	CCR5	Glyco
Post_P12	Non-responder	lo	31	5.01516129032258	7.3	0.580645161290323	CCR5	Glyco
Post_P13	Non-responder	hi	19	1.09736842105263	0	0.210526315789474	CCR5	Glyco
Post_P13	Non-responder	lo	19	2.10842105263158	0	0.263157894736842	CCR5	Glyco
Post_P14	Non-responder	hi	15	3.41266666666667	0	0.4	CCR5	Glyco
Post_P14	Non-responder	lo	15	2.05333333333333	0	0.266666666666667	CCR5	Glyco
Post_P15	Non-responder	hi	15	1.66466666666667	0	0.2	CCR5	Glyco
Post_P15	Non-responder	lo	15	1.02	0	0.133333333333333	CCR5	Glyco
Post_P16	Non-responder	hi	28	1.63321428571429	0	0.214285714285714	CCR5	Glyco
Post_P16	Non-responder	lo	28	1.58142857142857	0	0.214285714285714	CCR5	Glyco
Post_P17	Responder	hi	31	0.504193548387097	0	0.0645161290322581	CCR5	Glyco
Post_P17	Responder	lo	31	0.297096774193548	0	0.032258064516129	CCR5	Glyco
Post_P18	Non-responder	hi	20	1.253	0	0.2	CCR5	Glyco
Post_P18	Non-responder	lo	20	0.665	0	0.1	CCR5	Glyco
Post_P19	Responder	hi	16	0.563125	0	0.0625	CCR5	Glyco
Post_P19	Responder	lo	16	0.489375	0	0.0625	CCR5	Glyco
Post_P20	Non-responder	hi	18	1.88055555555556	0	0.333333333333333	CCR5	Glyco
Post_P20	Non-responder	lo	18	2.725	0	0.388888888888889	CCR5	Glyco
Post_P21	Responder	hi	19	0.773157894736842	0	0.105263157894737	CCR5	Glyco
Post_P21	Responder	lo	19	1.38578947368421	0	0.157894736842105	CCR5	Glyco
Post_P22	Non-responder	hi	6	1.76833333333333	0	0.333333333333333	CCR5	Glyco
Post_P22	Non-responder	lo	6	0	0	0	CCR5	Glyco
Post_P23	Non-responder	hi	26	3.20076923076923	0	0.461538461538462	CCR5	Glyco
Post_P23	Non-responder	lo	26	4.41615384615385	6.315	0.576923076923077	CCR5	Glyco
Post_P23_2	Non-responder	hi	24	1.53916666666667	0	0.208333333333333	CCR5	Glyco
Post_P23_2	Non-responder	lo	24	2.33333333333333	0	0.333333333333333	CCR5	Glyco
Post_P28_2	Non-responder	hi	24	4.72625	7.655	0.583333333333333	CCR5	Glyco
Post_P28_2	Non-responder	lo	24	3.75791666666667	1.88	0.541666666666667	CCR5	Glyco
Post_P30	Non-responder	hi	22	2.81227272727273	0	0.363636363636364	CCR5	Glyco
Post_P30	Non-responder	lo	22	1.67863636363636	0	0.272727272727273	CCR5	Glyco
Post_P1	Responder	hi	16	0	0	0	CCR1	Glyco
Post_P1	Responder	lo	16	0	0	0	CCR1	Glyco
Post_P1_2	Non-responder	hi	28	0.605357142857143	0	0.0714285714285714	CCR1	Glyco
Post_P1_2	Non-responder	lo	28	0	0	0	CCR1	Glyco
Post_P2	Non-responder	hi	21	1.7247619047619	0	0.238095238095238	CCR1	Glyco
Post_P2	Non-responder	lo	21	0.50952380952381	0	0.0952380952380952	CCR1	Glyco
Post_P3	Non-responder	hi	19	0	0	0	CCR1	Glyco
Post_P3	Non-responder	lo	19	0.115263157894737	0	0.0526315789473684	CCR1	Glyco
Post_P3_2	Non-responder	hi	18	0	0	0	CCR1	Glyco
Post_P3_2	Non-responder	lo	18	0	0	0	CCR1	Glyco
Post_P4	Responder	hi	38	0	0	0	CCR1	Glyco
Post_P4	Responder	lo	38	0	0	0	CCR1	Glyco
Post_P5	Non-responder	hi	14	0.555	0	0.0714285714285714	CCR1	Glyco
Post_P5	Non-responder	lo	14	0	0	0	CCR1	Glyco
Post_P5_2	Responder	hi	28	0	0	0	CCR1	Glyco
Post_P5_2	Responder	lo	28	0	0	0	CCR1	Glyco
Post_P6	Non-responder	hi	12	0.0491666666666667	0	0.0833333333333333	CCR1	Glyco
Post_P6	Non-responder	lo	12	1.80333333333333	0	0.25	CCR1	Glyco
Post_P7	Responder	hi	8	1.01875	0	0.25	CCR1	Glyco
Post_P7	Responder	lo	8	0.45125	0	0.125	CCR1	Glyco
Post_P8	Responder	hi	18	0	0	0	CCR1	Glyco
Post_P8	Responder	lo	18	0	0	0	CCR1	Glyco
Post_P10	Non-responder	hi	33	0.986363636363636	0	0.121212121212121	CCR1	Glyco
Post_P10	Non-responder	lo	33	0.292121212121212	0	0.0606060606060606	CCR1	Glyco
Post_P11	Non-responder	hi	17	1.58176470588235	0	0.176470588235294	CCR1	Glyco
Post_P11	Non-responder	lo	17	0.529411764705882	0	0.0588235294117647	CCR1	Glyco
Post_P12	Non-responder	hi	31	0.849354838709678	0	0.129032258064516	CCR1	Glyco
Post_P12	Non-responder	lo	31	1.60516129032258	0	0.193548387096774	CCR1	Glyco
Post_P13	Non-responder	hi	19	0.437894736842105	0	0.0526315789473684	CCR1	Glyco
Post_P13	Non-responder	lo	19	0	0	0	CCR1	Glyco
Post_P14	Non-responder	hi	15	0.588666666666667	0	0.133333333333333	CCR1	Glyco
Post_P14	Non-responder	lo	15	0.505333333333333	0	0.0666666666666667	CCR1	Glyco
Post_P15	Non-responder	hi	15	0	0	0	CCR1	Glyco
Post_P15	Non-responder	lo	15	0.0406666666666667	0	0.0666666666666667	CCR1	Glyco
Post_P16	Non-responder	hi	28	0	0	0	CCR1	Glyco
Post_P16	Non-responder	lo	28	0	0	0	CCR1	Glyco
Post_P17	Responder	hi	31	0	0	0	CCR1	Glyco
Post_P17	Responder	lo	31	0	0	0	CCR1	Glyco
Post_P18	Non-responder	hi	20	0	0	0	CCR1	Glyco
Post_P18	Non-responder	lo	20	0	0	0	CCR1	Glyco
Post_P19	Responder	hi	16	0	0	0	CCR1	Glyco
Post_P19	Responder	lo	16	0	0	0	CCR1	Glyco
Post_P20	Non-responder	hi	18	0.453333333333333	0	0.0555555555555556	CCR1	Glyco
Post_P20	Non-responder	lo	18	0.292222222222222	0	0.0555555555555556	CCR1	Glyco
Post_P21	Responder	hi	19	0	0	0	CCR1	Glyco
Post_P21	Responder	lo	19	0	0	0	CCR1	Glyco
Post_P22	Non-responder	hi	6	0	0	0	CCR1	Glyco
Post_P22	Non-responder	lo	6	0	0	0	CCR1	Glyco
Post_P23	Non-responder	hi	26	0.202692307692308	0	0.0384615384615385	CCR1	Glyco
Post_P23	Non-responder	lo	26	1.39307692307692	0	0.192307692307692	CCR1	Glyco
Post_P23_2	Non-responder	hi	24	0	0	0	CCR1	Glyco
Post_P23_2	Non-responder	lo	24	0	0	0	CCR1	Glyco
Post_P28_2	Non-responder	hi	24	0	0	0	CCR1	Glyco
Post_P28_2	Non-responder	lo	24	0.329166666666667	0	0.0416666666666667	CCR1	Glyco
Post_P30	Non-responder	hi	22	0	0	0	CCR1	Glyco
Post_P30	Non-responder	lo	22	0.329090909090909	0	0.0454545454545455	CCR1	Glyco
Post_P1	Responder	hi	16	1.634375	0	0.1875	CCR5	TPI1
Post_P1	Responder	lo	16	0.365625	0	0.0625	CCR5	TPI1
Post_P1_2	Non-responder	hi	23	0.62	0	0.0869565217391304	CCR5	TPI1
Post_P1_2	Non-responder	lo	23	1.58304347826087	0	0.260869565217391	CCR5	TPI1
Post_P2	Non-responder	hi	28	3.82571428571429	2.925	0.535714285714286	CCR5	TPI1
Post_P2	Non-responder	lo	28	3.235	0	0.464285714285714	CCR5	TPI1
Post_P3	Non-responder	hi	22	2.21590909090909	0	0.272727272727273	CCR5	TPI1
Post_P3	Non-responder	lo	22	2.42181818181818	0	0.318181818181818	CCR5	TPI1
Post_P3_2	Non-responder	hi	16	2.378125	0	0.25	CCR5	TPI1
Post_P3_2	Non-responder	lo	16	2.035625	0	0.25	CCR5	TPI1
Post_P4	Responder	hi	35	0.679142857142857	0	0.114285714285714	CCR5	TPI1
Post_P4	Responder	lo	35	0.563142857142857	0	0.0857142857142857	CCR5	TPI1
Post_P5	Non-responder	hi	20	2.3365	0	0.35	CCR5	TPI1
Post_P5	Non-responder	lo	20	2.9805	0	0.35	CCR5	TPI1
Post_P5_2	Responder	hi	37	1.30459459459459	0	0.216216216216216	CCR5	TPI1
Post_P5_2	Responder	lo	37	1.90702702702703	0	0.216216216216216	CCR5	TPI1
Post_P6	Non-responder	hi	9	3.35111111111111	3.25	0.555555555555556	CCR5	TPI1
Post_P6	Non-responder	lo	9	3.03666666666667	0	0.444444444444444	CCR5	TPI1
Post_P7	Responder	hi	10	1.765	0	0.2	CCR5	TPI1
Post_P7	Responder	lo	10	4.774	4.69	0.6	CCR5	TPI1
Post_P8	Responder	hi	17	1.59058823529412	0	0.176470588235294	CCR5	TPI1
Post_P8	Responder	lo	17	2.54588235294118	0	0.352941176470588	CCR5	TPI1
Post_P10	Non-responder	hi	27	3.14222222222222	0	0.407407407407407	CCR5	TPI1
Post_P10	Non-responder	lo	27	1.91740740740741	0	0.259259259259259	CCR5	TPI1
Post_P11	Non-responder	hi	14	3.14785714285714	0	0.357142857142857	CCR5	TPI1
Post_P11	Non-responder	lo	14	2.78142857142857	0	0.357142857142857	CCR5	TPI1
Post_P12	Non-responder	hi	28	5.67321428571429	7.575	0.642857142857143	CCR5	TPI1
Post_P12	Non-responder	lo	28	5.80928571428571	8.115	0.714285714285714	CCR5	TPI1
Post_P13	Non-responder	hi	19	0.813157894736842	0	0.105263157894737	CCR5	TPI1
Post_P13	Non-responder	lo	19	0.867368421052632	0	0.105263157894737	CCR5	TPI1
Post_P14	Non-responder	hi	20	1.8575	0	0.25	CCR5	TPI1
Post_P14	Non-responder	lo	20	3.199	0	0.4	CCR5	TPI1
Post_P15	Non-responder	hi	17	0.990588235294118	0	0.117647058823529	CCR5	TPI1
Post_P15	Non-responder	lo	17	0	0	0	CCR5	TPI1
Post_P16	Non-responder	hi	28	1.18821428571429	0	0.142857142857143	CCR5	TPI1
Post_P16	Non-responder	lo	28	2.81214285714286	0	0.392857142857143	CCR5	TPI1
Post_P17	Responder	hi	29	0.283793103448276	0	0.0344827586206897	CCR5	TPI1
Post_P17	Responder	lo	29	0.317586206896552	0	0.0344827586206897	CCR5	TPI1
Post_P18	Non-responder	hi	22	0.371363636363636	0	0.0909090909090909	CCR5	TPI1
Post_P18	Non-responder	lo	22	1.16	0	0.136363636363636	CCR5	TPI1
Post_P19	Responder	hi	22	0.776363636363636	0	0.0909090909090909	CCR5	TPI1
Post_P19	Responder	lo	22	0.773636363636364	0	0.136363636363636	CCR5	TPI1
Post_P20	Non-responder	hi	17	3.30705882352941	0	0.470588235294118	CCR5	TPI1
Post_P20	Non-responder	lo	17	2.36058823529412	0	0.352941176470588	CCR5	TPI1
Post_P21	Responder	hi	20	1.7415	0	0.2	CCR5	TPI1
Post_P21	Responder	lo	20	0.82	0	0.1	CCR5	TPI1
Post_P22	Non-responder	hi	9	1.11	0	0.222222222222222	CCR5	TPI1
Post_P22	Non-responder	lo	9	1.78444444444444	0	0.333333333333333	CCR5	TPI1
Post_P23	Non-responder	hi	22	3.26136363636364	0	0.454545454545455	CCR5	TPI1
Post_P23	Non-responder	lo	22	3.18681818181818	0	0.409090909090909	CCR5	TPI1
Post_P23_2	Non-responder	hi	30	2.406	0	0.3	CCR5	TPI1
Post_P23_2	Non-responder	lo	30	3.219	0	0.433333333333333	CCR5	TPI1
Post_P28_2	Non-responder	hi	27	5.33592592592593	8.18	0.62962962962963	CCR5	TPI1
Post_P28_2	Non-responder	lo	27	3.44925925925926	0	0.444444444444444	CCR5	TPI1
Post_P30	Non-responder	hi	26	0.897692307692308	0	0.115384615384615	CCR5	TPI1
Post_P30	Non-responder	lo	26	3.07961538461538	0	0.384615384615385	CCR5	TPI1
Post_P1	Responder	hi	16	0	0	0	CCR1	TPI1
Post_P1	Responder	lo	16	0	0	0	CCR1	TPI1
Post_P1_2	Non-responder	hi	23	0.0278260869565217	0	0.0434782608695652	CCR1	TPI1
Post_P1_2	Non-responder	lo	23	0.353478260869565	0	0.0434782608695652	CCR1	TPI1
Post_P2	Non-responder	hi	28	0.605357142857143	0	0.107142857142857	CCR1	TPI1
Post_P2	Non-responder	lo	28	0.939642857142857	0	0.142857142857143	CCR1	TPI1
Post_P3	Non-responder	hi	22	0.0995454545454546	0	0.0454545454545455	CCR1	TPI1
Post_P3	Non-responder	lo	22	0	0	0	CCR1	TPI1
Post_P3_2	Non-responder	hi	16	0	0	0	CCR1	TPI1
Post_P3_2	Non-responder	lo	16	0	0	0	CCR1	TPI1
Post_P4	Responder	hi	35	0	0	0	CCR1	TPI1
Post_P4	Responder	lo	35	0	0	0	CCR1	TPI1
Post_P5	Non-responder	hi	20	0.3885	0	0.05	CCR1	TPI1
Post_P5	Non-responder	lo	20	0.266	0	0.05	CCR1	TPI1
Post_P5_2	Responder	hi	37	0	0	0	CCR1	TPI1
Post_P5_2	Responder	lo	37	0	0	0	CCR1	TPI1
Post_P6	Non-responder	hi	9	0.935555555555556	0	0.111111111111111	CCR1	TPI1
Post_P6	Non-responder	lo	9	1.30111111111111	0	0.222222222222222	CCR1	TPI1
Post_P7	Responder	hi	10	0.639	0	0.1	CCR1	TPI1
Post_P7	Responder	lo	10	0.361	0	0.1	CCR1	TPI1
Post_P8	Responder	hi	17	0	0	0	CCR1	TPI1
Post_P8	Responder	lo	17	0.318235294117647	0	0.0588235294117647	CCR1	TPI1
Post_P10	Non-responder	hi	27	0.85	0	0.111111111111111	CCR1	TPI1
Post_P10	Non-responder	lo	27	1.29555555555556	0	0.185185185185185	CCR1	TPI1
Post_P11	Non-responder	hi	14	1.91928571428571	0	0.214285714285714	CCR1	TPI1
Post_P11	Non-responder	lo	14	0.644285714285714	0	0.0714285714285714	CCR1	TPI1
Post_P12	Non-responder	hi	28	1.82607142857143	0	0.214285714285714	CCR1	TPI1
Post_P12	Non-responder	lo	28	1.60892857142857	0	0.214285714285714	CCR1	TPI1
Post_P13	Non-responder	hi	19	0	0	0	CCR1	TPI1
Post_P13	Non-responder	lo	19	0	0	0	CCR1	TPI1
Post_P14	Non-responder	hi	20	0.535	0	0.2	CCR1	TPI1
Post_P14	Non-responder	lo	20	0.379	0	0.05	CCR1	TPI1
Post_P15	Non-responder	hi	17	0.0358823529411765	0	0.0588235294117647	CCR1	TPI1
Post_P15	Non-responder	lo	17	0	0	0	CCR1	TPI1
Post_P16	Non-responder	hi	28	0.302142857142857	0	0.0357142857142857	CCR1	TPI1
Post_P16	Non-responder	lo	28	0	0	0	CCR1	TPI1
Post_P17	Responder	hi	29	0	0	0	CCR1	TPI1
Post_P17	Responder	lo	29	0	0	0	CCR1	TPI1
Post_P18	Non-responder	hi	22	0	0	0	CCR1	TPI1
Post_P18	Non-responder	lo	22	0	0	0	CCR1	TPI1
Post_P19	Responder	hi	22	0	0	0	CCR1	TPI1
Post_P19	Responder	lo	22	0.0477272727272727	0	0.0454545454545455	CCR1	TPI1
Post_P20	Non-responder	hi	17	0.789411764705882	0	0.117647058823529	CCR1	TPI1
Post_P20	Non-responder	lo	17	0.401764705882353	0	0.0588235294117647	CCR1	TPI1
Post_P21	Responder	hi	20	0	0	0	CCR1	TPI1
Post_P21	Responder	lo	20	0	0	0	CCR1	TPI1
Post_P22	Non-responder	hi	9	0	0	0	CCR1	TPI1
Post_P22	Non-responder	lo	9	0	0	0	CCR1	TPI1
Post_P23	Non-responder	hi	22	0.78	0	0.136363636363636	CCR1	TPI1
Post_P23	Non-responder	lo	22	0.35	0	0.0454545454545455	CCR1	TPI1
Post_P23_2	Non-responder	hi	30	0	0	0	CCR1	TPI1
Post_P23_2	Non-responder	lo	30	0	0	0	CCR1	TPI1
Post_P28_2	Non-responder	hi	27	0	0	0	CCR1	TPI1
Post_P28_2	Non-responder	lo	27	0.603703703703704	0	0.0740740740740741	CCR1	TPI1
Post_P30	Non-responder	hi	26	0	0	0	CCR1	TPI1
Post_P30	Non-responder	lo	26	0.277692307692308	0	0.0384615384615385	CCR1	TPI1
