motif	id	fg_frac	bg_frac	odds	p	FDR	contrast
BATF::JUN	MA0462.2	0.393	0.19667864667245	2.64414654690411	1.20979650947673e-70	7.6580119049877e-68	activation_opening
BATF	MA1634.1	0.385	0.195687197917958	2.57276764896296	2.43098560620206e-66	7.69406944362952e-64	activation_opening
JUN(var.2)	MA0489.1	0.389	0.203990581236832	2.48411362025206	1.89794240166454e-62	4.00465846751219e-60	activation_opening
BATF3	MA0835.2	0.376	0.193828231503284	2.50581708628344	3.32299500841226e-62	5.25863960081241e-60	activation_opening
FOS	MA0476.1	0.3775	0.202751270293717	2.38432298791496	1.58644325613306e-56	2.00843716226446e-54	activation_opening
JUNB	MA0490.2	0.3315	0.168546288263725	2.44608737578307	1.16531289878222e-54	1.22940510821524e-52	activation_opening
FOSL1	MA0477.2	0.345	0.18242657082662	2.36016976131983	2.63882818707174e-52	2.38625463202345e-50	activation_opening
FOS::JUND	MA1141.1	0.36	0.198661544181435	2.26873986677835	1.77911494041263e-49	1.40772469660149e-47	activation_opening
FOSL2	MA0478.1	0.355	0.195439335729335	2.26555941543492	6.76679628762931e-49	4.75931338896595e-47	activation_opening
FOSL1::JUND	MA1142.1	0.3065	0.158879662907423	2.33943240394625	2.23952891354963e-47	1.41762180227691e-45	activation_opening
JUND	MA0491.2	0.315	0.166067666377494	2.30904730642618	5.20182651113287e-47	2.99341471049737e-45	activation_opening
FOSL1::JUN	MA1128.1	0.3425	0.191969265088611	2.19241628054033	1.79950563266914e-44	9.49239221232971e-43	activation_opening
FOSL2::JUN	MA1130.1	0.3145	0.177841120337093	2.12080513344285	5.58369542250702e-39	2.71883015572842e-37	activation_opening
JDP2	MA0655.1	0.258	0.136448134837031	2.20037859066206	9.81524719440938e-37	4.43789391004367e-35	activation_opening
FOSB::JUNB	MA1135.1	0.2845	0.158012145247243	2.11861407703191	2.84529963686725e-36	1.20071644675798e-34	activation_opening
FOS::JUNB	MA1134.1	0.286	0.15937538728467	2.11257812343365	3.60073850637549e-36	1.4245421715848e-34	activation_opening
BACH1	MA1633.1	0.3345	0.199157268558681	2.02101153626419	3.86254894689939e-36	1.43823146081607e-34	activation_opening
FOSL2::JUNB	MA1138.1	0.276	0.152063452720288	2.12555627220909	9.31558273293694e-36	3.27597992774949e-34	activation_opening
FOSL1::JUNB	MA1137.1	0.2855	0.160490767133474	2.08999082056648	3.10580580344962e-35	1.03472372293874e-33	activation_opening
FOSL2::JUND	MA1144.1	0.2825	0.15937538728467	2.07655338745518	1.91036470826393e-34	6.04630430165533e-33	activation_opening
FOS::JUN	MA0099.3	0.284	0.165448010905936	2.00063092126491	1.36800759378545e-31	4.12356574698187e-30	activation_opening
NFE2	MA0841.1	0.2505	0.144751518155905	1.97459367973505	6.07613375106546e-28	1.7482693929202e-26	activation_opening
BACH2	MA1101.2	0.243	0.138926756723262	1.98946437445334	7.74445861618363e-28	2.13140969741054e-26	activation_opening
JUN::JUNB	MA1132.1	0.2415	0.142520758458297	1.91551235336332	3.6066692235364e-25	9.51259007707725e-24	activation_opening
NFE2L1	MA0089.2	0.2605	0.164456562151444	1.78969071032694	5.098144964279e-22	1.29085030495544e-20	activation_opening
MAF::NFE2	MA0501.1	0.2365	0.152559177097534	1.72048300409232	2.80660801141837e-18	6.83301104318396e-17	activation_opening
MAFK	MA0496.3	0.36	0.262362126657578	1.58141090406054	8.73934074139688e-18	2.04888988492749e-16	activation_opening
NFKB1	MA0105.4	0.199	0.1554095922667	1.35012832462614	2.18603499026265e-06	4.94200053155805e-05	activation_opening
NFKB2	MA0778.1	0.1935	0.15070021068286	1.35210317290856	2.52790004953972e-06	5.51779562537462e-05	activation_opening
EGR2	MA0472.2	0.122	0.090717561036064	1.39269852007714	2.15432422225693e-05	0.000454562410896212	activation_opening
NFATC4	MA1525.1	0.2015	0.163960837774198	1.28669362832463	4.89159082416674e-05	0.000998831287644369	activation_opening
DUX4	MA0468.1	0.113	0.0848927996034205	1.37322278354666	7.54950017590406e-05	0.00149338550354602	activation_opening
RELA	MA0107.1	0.173	0.140537860949312	1.27927161042215	0.000172487466431747	0.00330862321973624	activation_opening
CEBPG(var.2)	MA1636.1	0.1385	0.109307225182798	1.3099691647357	0.00018810691852833	0.00350210821848331	activation_opening
CEBPG	MA0838.1	0.0445	0.0281323584087248	1.60881666090421	0.000196185553075442	0.00354815585990727	activation_opening
REL	MA0101.1	0.162	0.131490891064568	1.27684604681872	0.000275008445855303	0.00483556517295575	activation_opening
EGR3	MA0732.1	0.158	0.129631924649895	1.25986918826056	0.000606241313519572	0.0103716419312943	activation_opening
ATF4	MA0833.2	0.1355	0.109802949560045	1.27067786570093	0.000856808544699381	0.0142726265472292	activation_opening
EGR4	MA0733.1	0.1515	0.124550749783121	1.25497498520806	0.000886548984280676	0.0143732712360545	activation_opening
NKX6-3	MA1530.1	0.099	0.0769612095674805	1.31778816839792	0.000908263585216714	0.0143732712360545	activation_opening
NFATC3	MA0625.1	0.207	0.179080431280208	1.19662009730517	0.00239075493921871	0.0369109238176937	activation_opening
ZNF24	MA1124.1	0.1785	0.154913867889453	1.18535567766706	0.00586488214260186	0.0883921522920709	activation_opening
DUXA	MA0884.1	0.0925	0.0751022431528071	1.25523624659978	0.00615788311451605	0.0906497677090386	activation_opening
HOXA1	MA1495.1	0.019	0.0115255917709753	1.66096601566346	0.00744016823469056	0.102383184620851	activation_opening
HOXA5	MA0158.2	0.019	0.0115255917709753	1.66096601566346	0.00744016823469056	0.102383184620851	activation_opening
HOXB5	MA0904.2	0.019	0.0115255917709753	1.66096601566346	0.00744016823469056	0.102383184620851	activation_opening
MAFG	MA0659.2	0.163	0.14115751642087	1.18489054537245	0.00773942911950614	0.104235290056327	activation_opening
HOXA7	MA1498.1	0.044	0.032593877803941	1.36600629625264	0.00897315836561206	0.113600184908649	activation_opening
LHX1	MA1518.1	0.044	0.032593877803941	1.36600629625264	0.00897315836561206	0.113600184908649	activation_opening
HOXD8	MA0910.2	0.044	0.032593877803941	1.36600629625264	0.00897315836561206	0.113600184908649	activation_opening
CREB1	MA0018.4	0.1295	0.110422605031602	1.19847198055897	0.00974833888724301	0.120994088541663	activation_opening
SOX21	MA0866.1	0.103	0.0861321105465361	1.21830646506722	0.01093403429961	0.133100840608715	activation_opening
CEBPB	MA0466.2	0.034	0.024662287768001	1.39189838694194	0.014028864010613	0.167552281485246	activation_opening
CEBPE	MA0837.1	0.034	0.0249101499566241	1.37770018736226	0.0165519630343869	0.194025788903091	activation_opening
MAFA	MA1521.1	0.093	0.0783244516049077	1.20656991004629	0.0187499993757011	0.215795447360342	activation_opening
MAFF	MA0495.3	0.162	0.143636138307101	1.15251941815135	0.0214688978066784	0.24267521985049	activation_opening
DMRTC2	MA1479.1	0.1	0.0852645928863552	1.19202427881868	0.0219593475481403	0.243864333297769	activation_opening
HOXD12	MA0873.1	0.0465	0.0368075350105341	1.27613685096637	0.0276821154591446	0.302116880786871	activation_opening
ATF2	MA1632.1	0.113	0.0982773577890693	1.16891227577976	0.0289600042297768	0.310706486058453	activation_opening
MAF	MA1520.1	0.092	0.0788201759821539	1.18416300045834	0.0310737441526231	0.325000570835401	activation_opening
ZBTB32	MA1580.1	0.1035	0.0896021811872599	1.17302905792895	0.0313191703332693	0.325000570835401	activation_opening
HOXC11	MA0651.1	0.047	0.0377989837650267	1.25539421355166	0.0359961791372456	0.367509377320588	activation_opening
USF1	MA0093.3	0.123	0.108811500805552	1.14863581692846	0.0399085968649957	0.400986378024481	activation_opening
RELB	MA1117.1	0.13	0.116495228652869	1.133210284186	0.0525230875948267	0.514729251140025	activation_opening
SIX2	MA1119.1	0.146	0.131862684347503	1.12550921146245	0.0533688978762603	0.514729251140025	activation_opening
ZBTB26	MA1579.1	0.192	0.176230016111042	1.11072575161757	0.0540717210678382	0.514729251140025	activation_opening
CEBPA	MA0102.4	0.1145	0.101871359524105	1.13995341368968	0.054481611100129	0.514729251140025	activation_opening
FOSL2::JUNB(var.2)	MA1139.1	0.038	0.030610980294956	1.25088972937889	0.0560527211853724	0.521784889857952	activation_opening
LHX6	MA0658.1	0.038	0.0307349113892676	1.24568714202414	0.0594420627489406	0.543701090893104	activation_opening
CDX4	MA1473.1	0.1145	0.102243152807039	1.13534058608568	0.0601851372143897	0.543701090893104	activation_opening
PBX3	MA1114.1	0.186	0.171024910149957	1.10754633328819	0.0614572343726785	0.543701090893104	activation_opening
GLIS3	MA0737.1	0.1095	0.0976577023175115	1.13613367901993	0.0630115879831865	0.543701090893104	activation_opening
CREB3L1	MA0839.1	0.0645	0.055273268062957	1.17844518444402	0.0635161064496736	0.543701090893104	activation_opening
POU1F1	MA0784.1	0.154	0.140289998760689	1.11548853428316	0.0635606330585935	0.543701090893104	activation_opening
HNF1B	MA0153.2	0.0695	0.0599826496467964	1.17053270086461	0.0644732716420748	0.544154412659112	activation_opening
DMRTA2	MA1478.1	0.089	0.0784483826992192	1.14759417784282	0.0671764804302514	0.559509369899331	activation_opening
HOXB9	MA1503.1	0.0535	0.045358780518032	1.18962564841016	0.0708418962322023	0.582375588506286	activation_opening
MSANTD3	MA1523.1	0.11	0.0987730821663155	1.12771859563062	0.0744828301644116	0.604456814026571	activation_opening
TBX1	MA0805.1	0.1335	0.121700334613955	1.11186831404894	0.0822583698266824	0.645273632732876	activation_opening
PKNOX1	MA0782.2	0.1515	0.139050687817573	1.10549367790122	0.0823563365817062	0.645273632732876	activation_opening
NKX2-2	MA1645.1	0.123	0.111661915974718	1.11578494877415	0.0831771659081412	0.645273632732876	activation_opening
EGR1	MA0162.4	0.26	0.244763911265336	1.08410671133831	0.0835899492639745	0.645273632732876	activation_opening
IRF8	MA0652.1	0.1935	0.179947948940389	1.09336291758504	0.085594579503212	0.652787576211243	activation_opening
SIX1	MA1118.1	0.108	0.0975337712231999	1.12030720798207	0.0881787008204644	0.6644894954685	activation_opening
ZNF140	MA1589.1	0.153	0.141033585326558	1.10015405767576	0.0921807088965046	0.683433615311377	activation_opening
IRF5	MA1420.1	0.1265	0.115503779898377	1.10899314846133	0.092904069238898	0.683433615311377	activation_opening
GBX1	MA0889.1	0.046	0.0391622258024538	1.18301987036591	0.0939316343318954	0.683433615311377	activation_opening
HIC2	MA0738.1	0.1565	0.144627587061594	1.09730068229058	0.0961748501373662	0.691803183374464	activation_opening
HOXD9	MA0913.2	0.11	0.0998884620151196	1.11374474781339	0.0980727479096278	0.696094183631004	activation_opening
MSX1	MA0666.1	0.0555	0.0482091956871979	1.16013380574418	0.100295063566474	0.696094183631004	activation_opening
MSX2	MA0708.1	0.0555	0.0482091956871979	1.16013380574418	0.100295063566474	0.696094183631004	activation_opening
POU4F2	MA0683.1	0.1225	0.112033709257653	1.10646627461211	0.101170086720462	0.696094183631004	activation_opening
BHLHE22	MA0818.1	0.046	0.039410087991077	1.17528255881172	0.102911199896676	0.697540467545801	activation_opening
BCL6	MA0463.2	0.1095	0.0996405998264965	1.11112178488073	0.103584208450719	0.697540467545801	activation_opening
FOS::JUN(var.2)	MA1126.1	0.0695	0.0615937538728467	1.13795922472799	0.106540078029799	0.705561807425719	activation_opening
TBX2	MA0688.1	0.11	0.100260255298054	1.10915588423158	0.107004634301531	0.705561807425719	activation_opening
TBX21	MA0690.1	0.1165	0.106580741107944	1.10534404764591	0.108737164557817	0.709594073866993	activation_opening
ZNF136	MA1588.1	0.109	0.0996405998264965	1.10542694915687	0.115716115402498	0.719280544710386	activation_opening
HOXC10	MA0905.1	0.0735	0.0656834799851283	1.12845256113752	0.115814283211593	0.719280544710386	activation_opening
FOSL1::JUND(var.2)	MA1143.1	0.057	0.0500681621018714	1.14682934730129	0.115919523536526	0.719280544710386	activation_opening
NR4A2::RXRA	MA1147.1	0.0655	0.0581236832321229	1.13581297505516	0.116816970704258	0.719280544710386	activation_opening
PAX1	MA0779.1	0.048	0.0416408476886851	1.16042946921953	0.116957017864166	0.719280544710386	activation_opening
IRF7	MA0772.1	0.2685	0.255174123187508	1.07138172378394	0.117039330339921	0.719280544710386	activation_opening
MYCN	MA0104.4	0.056	0.049324575536002	1.14337755730654	0.123325528842216	0.748403817189653	activation_opening
HOXC9	MA0485.2	0.049	0.0427562275374892	1.15357049388937	0.124142813277905	0.748403817189653	activation_opening
NFIA	MA0670.1	0.118	0.108935431899864	1.09434568637968	0.13238123663454	0.790540781034564	activation_opening
DMRT3	MA0610.1	0.083	0.0753501053414302	1.11072023332628	0.135395398051058	0.799182421510182	activation_opening
STAT1	MA0137.3	0.176	0.165448010905936	1.07738816177252	0.136353398930647	0.799182421510182	activation_opening
CEBPD	MA0836.2	0.103	0.0946833560540339	1.09792618137461	0.138959378170926	0.806984278735746	activation_opening
BHLHE23	MA0817.1	0.055	0.0488288511587557	1.13375011022937	0.141336980879809	0.808674092931037	activation_opening
SP8	MA0747.1	0.2555	0.243648531416532	1.06532611459456	0.141805409660893	0.808674092931037	activation_opening
STAT3	MA0144.2	0.2265	0.215268310819185	1.06744410496197	0.144736226385249	0.810640515816044	activation_opening
BSX	MA0876.1	0.037	0.0319742223323832	1.16323810820418	0.145562284010131	0.810640515816044	activation_opening
OLIG1	MA0826.1	0.0495	0.0437476762919817	1.13834861219843	0.146645727830145	0.810640515816044	activation_opening
JUN	MA0488.1	0.119	0.110422605031602	1.08817226962651	0.14727276353688	0.810640515816044	activation_opening
EN2	MA0642.1	0.046	0.040525467839881	1.14161543577136	0.150483685043045	0.820349214154768	activation_opening
NEUROD2	MA0668.1	0.0465	0.0410211922171273	1.14008664348602	0.151628527734768	0.820349214154768	activation_opening
VDR	MA0693.2	0.088	0.0806791423968274	1.09950073506094	0.153457309560537	0.823207431795082	activation_opening
OSR2	MA1646.1	0.1995	0.189242781013756	1.06769947735183	0.155711944054955	0.828282862073834	activation_opening
MZF1(var.2)	MA0057.1	0.172	0.162473664642459	1.07081220099868	0.159761111863115	0.840225774445912	activation_opening
HOXB8	MA1502.1	0.078	0.0712603792291486	1.10258408279227	0.160611877895664	0.840225774445912	activation_opening
MEIS1(var.2)	MA1639.1	0.0915	0.0845210063204858	1.09089083075485	0.170238218430524	0.880045323674376	activation_opening
ZNF282	MA1154.1	0.1265	0.118478126161854	1.07751398699426	0.17100406763341	0.880045323674376	activation_opening
NR1H4::RXRA	MA1146.1	0.072	0.0658074110794398	1.1014084183941	0.172982663169708	0.883048595051817	activation_opening
TBX20	MA0689.1	0.115	0.107448258768125	1.07941683037436	0.175894749305322	0.886605883395648	activation_opening
NKX2-5	MA0063.2	0.104	0.0967901846573305	1.08313738809255	0.176480791955532	0.886605883395648	activation_opening
TBR1	MA0802.1	0.1115	0.104226050316024	1.07854978086296	0.181986052094664	0.900466257870459	activation_opening
SOX13	MA1120.1	0.112	0.104721774693271	1.07826790917214	0.182331069624345	0.900466257870459	activation_opening
CDX1	MA0878.2	0.1075	0.100384186392366	1.07942560068067	0.183507341651326	0.900466257870459	activation_opening
EOMES	MA0800.1	0.116	0.108687569711241	1.07610903555233	0.184999453930121	0.900805033367433	activation_opening
NR1H4	MA1110.1	0.082	0.0758458297186764	1.08839201033517	0.189742951797828	0.916849530442938	activation_opening
ATF3	MA0605.2	0.0475	0.0427562275374892	1.11649146746705	0.191944206068887	0.920459715466706	activation_opening
DLX5	MA1476.1	0.0325	0.028628082785971	1.13980609565852	0.198264450237487	0.943494326681847	activation_opening
GATA2	MA0036.3	0.1115	0.104721774693271	1.07284967745998	0.199728656833124	0.943494326681847	activation_opening
POU6F1(var.2)	MA1549.1	0.085	0.0790680381707771	1.08199569732865	0.203094462230591	0.952287367347883	activation_opening
TP73	MA0861.1	0.069	0.0637005824761433	1.08936264559817	0.207704713632474	0.966743262715853	activation_opening
MEF2B	MA0660.1	0.1875	0.179452224563143	1.05519391061279	0.210194419690244	0.971190274919157	activation_opening
PAX9	MA0781.1	0.052	0.0474656091213285	1.10077676853334	0.214196581147171	0.972254290554932	activation_opening
TCF21(var.2)	MA1568.1	0.052	0.0474656091213285	1.10077676853334	0.214196581147171	0.972254290554932	activation_opening
RARB(var.3)	MA1552.1	0.066	0.0609740984012889	1.08825572389175	0.215858450733251	0.972254290554932	activation_opening
ZNF354C	MA0130.1	0.342	0.332507126037923	1.04336677918066	0.217765861564073	0.972254290554932	activation_opening
HNF1A	MA0046.2	0.0965	0.0905936299417524	1.07216111234374	0.218104438007583	0.972254290554932	activation_opening
HOXB2	MA0902.2	0.024	0.0209443549386541	1.14949717615282	0.222584515404606	0.972949785663722	activation_opening
HOXD3	MA0912.2	0.024	0.0209443549386541	1.14949717615282	0.222584515404606	0.972949785663722	activation_opening
GLI2	MA0734.2	0.215	0.20696492750031	1.04945034495309	0.222871593872417	0.972949785663722	activation_opening
HOXD10	MA1506.1	0.051	0.0467220225554592	1.09648909424511	0.22643322271273	0.977507454789998	activation_opening
NFYA	MA0060.3	0.0815	0.0762176230016111	1.07545837541077	0.227004100875402	0.977507454789998	activation_opening
PBX2	MA1113.2	0.111	0.105093567976205	1.0632192107459	0.232766727052916	0.995549582597943	activation_opening
NFATC2	MA0152.1	0.3145	0.305861940760937	1.04118003144798	0.234754407682053	0.997312349414358	activation_opening
POU3F4	MA0789.1	0.1155	0.109679018465733	1.06000318615036	0.240193343050248	1	activation_opening
POU3F2	MA0787.1	0.1375	0.131243028875945	1.05527424204756	0.240472983589085	1	activation_opening
NFYC	MA1644.1	0.0845	0.0794398314537117	1.06957890991219	0.241074476863181	1	activation_opening
NEUROG1	MA0623.2	0.0445	0.0407733300285042	1.09566274015923	0.244656052932468	1	activation_opening
KLF5	MA0599.1	0.387	0.378361630933201	1.03726952542061	0.245924016146593	1	activation_opening
IRF4	MA1419.1	0.1705	0.163836906679886	1.04902692266028	0.245999703979902	1	activation_opening
ATF7	MA0834.1	0.0345	0.0312306357665138	1.10843406367216	0.247878746405897	1	activation_opening
FOSL2::JUND(var.2)	MA1145.1	0.0585	0.0545296814970876	1.07733747740726	0.259013411389716	1	activation_opening
PPARG	MA0066.1	0.0945	0.0896021811872599	1.06036686233361	0.25982577384901	1	activation_opening
TP63	MA0525.2	0.056	0.0521749907051679	1.07766345636236	0.262989352876488	1	activation_opening
FOXD1	MA0031.1	0.0465	0.0430040897261123	1.08526167872027	0.264238581962696	1	activation_opening
MYB	MA0100.3	0.1	0.0951790804312802	1.05627891832208	0.268738232674185	1	activation_opening
RXRA::VDR	MA0074.1	0.0835	0.0790680381707771	1.06116003197154	0.269931160176758	1	activation_opening
KLF11	MA1512.1	0.247	0.240178460775809	1.03770974526882	0.270677015991856	1	activation_opening
IRF9	MA0653.1	0.2565	0.249597223943487	1.03718375080585	0.270807820701985	1	activation_opening
EMX2	MA0886.1	0.0425	0.0392861568967654	1.08544198744177	0.27393391929757	1	activation_opening
FOSL1::JUN(var.2)	MA1129.1	0.0345	0.0316024290494485	1.09497124311421	0.27585264021828	1	activation_opening
FOSB::JUN	MA1127.1	0.051	0.0475895402156401	1.07551856946353	0.279027051055637	1	activation_opening
POU5F1B	MA0792.1	0.0965	0.0920808030734911	1.05311836590354	0.283995559165178	1	activation_opening
HOXA6	MA1497.1	0.057	0.0535382327425951	1.06857027927464	0.286519575069791	1	activation_opening
ZBTB33	MA0527.1	0.0255	0.0231751146362622	1.10295174521497	0.294030856926664	1	activation_opening
NR4A1	MA1112.2	0.1535	0.148469450985252	1.04002538322513	0.296899524919552	1	activation_opening
POU4F3	MA0791.1	0.1165	0.112033709257653	1.04512144294504	0.298090188791009	1	activation_opening
HOXC8	MA1505.1	0.054	0.0508117486677407	1.06633005663275	0.29853307507325	1	activation_opening
ZNF274	MA1592.1	0.1185	0.114016606766638	1.0446074207892	0.298740417977016	1	activation_opening
JDP2(var.2)	MA0656.1	0.048	0.0449869872350973	1.07035477078998	0.299325065380603	1	activation_opening
ZKSCAN1	MA1585.1	0.084	0.0801834180195811	1.05196300928141	0.301516448061262	1	activation_opening
TBX6	MA1567.1	0.1025	0.0984012888833808	1.04640939026309	0.304301974395925	1	activation_opening
SP2	MA0516.2	0.2155	0.210063204858099	1.03298941460108	0.306655099853722	1	activation_opening
THRB(var.3)	MA1576.1	0.1275	0.123187507745693	1.0401220595478	0.311991479457169	1	activation_opening
POU5F1	MA1115.1	0.169	0.164208699962821	1.03511043261539	0.313346968564801	1	activation_opening
HOXD11	MA0908.1	0.042	0.039410087991077	1.06860072585547	0.317410139465898	1	activation_opening
NFIL3	MA0025.2	0.087	0.0835295575659933	1.04550604945728	0.322318400214472	1	activation_opening
NEUROG2	MA0669.1	0.054	0.0511835419506754	1.05816879687485	0.322521816633838	1	activation_opening
ZNF382	MA1594.1	0.111	0.107324327673813	1.03852340394496	0.330373887663578	1	activation_opening
POU6F2	MA0793.1	0.076	0.0728714834551989	1.04646289100807	0.330424468021311	1	activation_opening
MGA	MA0801.1	0.1445	0.140413929855001	1.03401396022239	0.330681643600309	1	activation_opening
TFAP4(var.2)	MA1570.1	0.0455	0.0430040897261123	1.06080714860678	0.3307930034144	1	activation_opening
KLF4	MA0039.4	0.4165	0.411079439831454	1.02260510532179	0.338620277404522	1	activation_opening
NOTO	MA0710.1	0.0445	0.0421365720659313	1.05870332295182	0.33868590465685	1	activation_opening
SOX12	MA1561.1	0.045	0.0426322964431776	1.05815606414399	0.339216681823601	1	activation_opening
THAP1	MA0597.1	0.1405	0.136695997025654	1.03237577055834	0.340754553871774	1	activation_opening
TBX15	MA0803.1	0.1105	0.107200396579502	1.0346022746498	0.347915273906872	1	activation_opening
RFX3	MA0798.2	0.118	0.114636262238196	1.03326711466341	0.349133976285943	1	activation_opening
JUN::JUNB(var.2)	MA1133.1	0.0475	0.0452348494237204	1.05257322543845	0.350559492406323	1	activation_opening
FOSB::JUNB(var.2)	MA1136.1	0.0425	0.040525467839881	1.05088651218308	0.364582973606089	1	activation_opening
RXRG(var.2)	MA1556.1	0.0915	0.0889825257157021	1.03114010146576	0.376066577234688	1	activation_opening
TP53	MA0106.3	0.0625	0.0603544429297311	1.03791861769927	0.376175550661268	1	activation_opening
NR1I2	MA1533.1	0.074	0.0717561036063948	1.03376924857631	0.379671427484327	1	activation_opening
GCM2	MA0767.1	0.043	0.0412690544057504	1.04382752873594	0.384002171870257	1	activation_opening
POU6F1	MA0628.1	0.0305	0.0289998760689057	1.05335709185296	0.384045945051579	1	activation_opening
PPARD	MA1550.1	0.1165	0.113892675672326	1.02591023087166	0.384287565537837	1	activation_opening
CUX1	MA0754.1	0.0235	0.0221836658817697	1.0607681262969	0.387309033638467	1	activation_opening
GATA3	MA0037.3	0.054	0.0521749907051679	1.03697471096696	0.389442167279632	1	activation_opening
HMBOX1	MA0895.1	0.0405	0.0389143636138307	1.04246664988241	0.392166746314046	1	activation_opening
NRL	MA0842.2	0.0925	0.0903457677531293	1.02627355638845	0.396130745747769	1	activation_opening
POU2F1	MA0785.1	0.1315	0.129136200272648	1.02107496386794	0.401388293054144	1	activation_opening
SOX2	MA0143.4	0.101	0.0988970132606271	1.02365220894788	0.402820764490567	1	activation_opening
USF2	MA0526.3	0.1115	0.10943115627711	1.02127672095013	0.408712125026023	1	activation_opening
JUND(var.2)	MA0492.1	0.0985	0.0965423224687074	1.02249235756586	0.409371592965293	1	activation_opening
MYBL2	MA0777.1	0.02	0.0189614574296691	1.05589063658355	0.40948518701914	1	activation_opening
RARG(var.3)	MA1553.1	0.0585	0.0570083033833189	1.02779118841917	0.415922422034933	1	activation_opening
TGIF2LX	MA1571.1	0.076	0.0743586565869377	1.02388779747569	0.416751245389208	1	activation_opening
ZNF135	MA1587.1	0.38	0.377246251084397	1.01177541859875	0.419632804153252	1	activation_opening
SOX14	MA1562.1	0.063	0.0615937538728467	1.0243650162372	0.42440649554196	1	activation_opening
CUX2	MA0755.1	0.0225	0.0215640104102119	1.04440461627452	0.425756646323274	1	activation_opening
TFAP2C(var.2)	MA0814.2	0.2975	0.295079935555831	1.01167806654419	0.425781185116537	1	activation_opening
ZNF341	MA1655.1	0.1565	0.154542074606519	1.01501870966446	0.425937481183939	1	activation_opening
GBX2	MA0890.1	0.0565	0.055273268062957	1.02352198794073	0.432741729494565	1	activation_opening
GLIS2	MA0736.1	0.1095	0.107943983145371	1.01618651608677	0.433901608247827	1	activation_opening
ZBED1	MA0749.1	0.0065	0.00594869252695501	1.09329130641754	0.438406925102937	1	activation_opening
SREBF2(var.2)	MA0828.1	0.0835	0.0822902466228777	1.01603942220851	0.445085389635067	1	activation_opening
TBX19	MA0804.1	0.054	0.0530425083653489	1.01908082631307	0.450279411361475	1	activation_opening
GLI3	MA1491.1	0.2035	0.202007683727847	1.00927406320958	0.451729365531747	1	activation_opening
JUNB(var.2)	MA1140.2	0.0325	0.0317263601437601	1.02520302484456	0.452869073220064	1	activation_opening
RARA	MA0729.1	0.1595	0.158260007435866	1.00932125227946	0.457645457359579	1	activation_opening
RBPJ	MA1116.1	0.1985	0.197174371049696	1.00838745972862	0.457903608735498	1	activation_opening
THRB	MA1574.1	0.107	0.105961085636386	1.01097865139352	0.45984432996888	1	activation_opening
MSGN1	MA1524.1	0.0765	0.0755979675300533	1.01291948767168	0.461269126768756	1	activation_opening
PROX1	MA0794.1	0.0435	0.0427562275374892	1.01818582200194	0.461546279654896	1	activation_opening
CREB3L4	MA1474.1	0.048	0.047341678027017	1.01460598996194	0.469773493554029	1	activation_opening
GATA6	MA1104.2	0.114	0.113149089106457	1.00848719102115	0.470442254752542	1	activation_opening
ZFP42	MA1651.1	0.1405	0.139670343289131	1.00691052479547	0.474107007133117	1	activation_opening
PITX1	MA0682.2	0.0635	0.0629569959102739	1.00920912269379	0.481232142836026	1	activation_opening
RXRB(var.2)	MA1555.1	0.0735	0.0729954145495105	1.00746033863644	0.484902661316719	1	activation_opening
TGIF2LY	MA1572.1	0.07	0.0695253439087867	1.00734036668346	0.486407919652203	1	activation_opening
MEF2D	MA0773.1	0.1985	0.198041888709877	1.00288582007332	0.492628223466837	1	activation_opening
SRF	MA0083.3	0.0475	0.0472177469327054	1.00627527317054	0.497957878264704	1	activation_opening
TBX4	MA0806.1	0.14	0.139794274383443	1.00171103495555	0.502811979368667	1	activation_opening
TBX5	MA0807.1	0.14	0.139794274383443	1.00171103495555	0.502811979368667	1	activation_opening
CREM	MA0609.2	0.047	0.0468459536497707	1.00345022482474	0.507633433581123	1	activation_opening
ATF6	MA1466.1	0.0415	0.041392985500062	1.00269701834645	0.511812910803411	1	activation_opening
SP9	MA1564.1	0.2255	0.225678522741356	0.998978733014727	0.517422615431082	1	activation_opening
HSF2	MA0770.1	0.1035	0.103606394844466	0.998854621974569	0.519318526665076	1	activation_opening
POU3F1	MA0786.1	0.1395	0.139670343289131	0.99858277119968	0.520137363229961	1	activation_opening
TBXT	MA0009.2	0.051	0.0510596108563639	0.998769888192563	0.522872650687064	1	activation_opening
MXI1	MA1108.2	0.1205	0.120708885859462	0.998032535945317	0.523198559220188	1	activation_opening
GATA1	MA0035.4	0.0655	0.0656834799851283	0.997010996197039	0.528426800339792	1	activation_opening
EMX1	MA0612.2	0.0345	0.034576775312926	0.997700402840771	0.528875097448836	1	activation_opening
HOXA2	MA0900.2	0.0345	0.034576775312926	0.997700402840771	0.528875097448836	1	activation_opening
NR1D2	MA1532.1	0.085	0.0852645928863552	0.996608697063729	0.52999161265044	1	activation_opening
TBX18	MA1565.1	0.1785	0.179080431280208	0.996054942996846	0.535469808798774	1	activation_opening
ZNF75D	MA1601.1	0.1905	0.191349609617053	0.994515539790028	0.545524949773193	1	activation_opening
NR1I3	MA1534.1	0.092	0.0925765274507374	0.993141399781688	0.546100561001884	1	activation_opening
MEIS2	MA0774.1	0.095	0.0956748048085265	0.992206338804011	0.550760721378959	1	activation_opening
CREB3	MA0638.1	0.0325	0.0328417399925641	0.989244724797373	0.55330382986074	1	activation_opening
HSF4	MA0771.1	0.0935	0.0943115627710993	0.990506865932481	0.558506729579902	1	activation_opening
PITX2	MA1547.1	0.063	0.0637005824761433	0.988261954051501	0.562527011878818	1	activation_opening
TBX3	MA1566.1	0.143	0.144131862684348	0.99083575389852	0.563445937148765	1	activation_opening
RFX1	MA0509.2	0.1125	0.113520882389391	0.989866347852045	0.564490923354909	1	activation_opening
ZNF684	MA1600.1	0.139	0.140166067666378	0.990336738279217	0.565720522761976	1	activation_opening
LBX1	MA0618.1	0.038	0.038542570330896	0.985366034471885	0.566000994104836	1	activation_opening
ISX	MA0654.1	0.038	0.038542570330896	0.985366034471885	0.566000994104836	1	activation_opening
NKX6-2	MA0675.1	0.038	0.038542570330896	0.985366034471885	0.566000994104836	1	activation_opening
PRRX1	MA0716.1	0.038	0.038542570330896	0.985366034471885	0.566000994104836	1	activation_opening
RAX2	MA0717.1	0.038	0.038542570330896	0.985366034471885	0.566000994104836	1	activation_opening
DLX6	MA0882.1	0.038	0.038542570330896	0.985366034471885	0.566000994104836	1	activation_opening
TLX2	MA1577.1	0.038	0.038542570330896	0.985366034471885	0.566000994104836	1	activation_opening
LHX9	MA0701.2	0.038	0.038542570330896	0.985366034471885	0.566000994104836	1	activation_opening
PRRX2	MA0075.3	0.038	0.038542570330896	0.985366034471885	0.566000994104836	1	activation_opening
FOXH1	MA0479.1	0.101	0.101995290618416	0.989144660347961	0.566172788045321	1	activation_opening
POU3F3	MA0788.1	0.137	0.138183170157392	0.990077333214367	0.56688404829726	1	activation_opening
POU4F1	MA0790.1	0.1125	0.113644813483703	0.988648312463939	0.570631934346483	1	activation_opening
ESRRB	MA0141.3	0.103	0.104102119221713	0.988196311874822	0.571120645074768	1	activation_opening
HOXC12	MA0906.1	0.04	0.0406493989341926	0.983357530159371	0.572937919940025	1	activation_opening
ZNF652	MA1657.1	0.1015	0.102738877184286	0.986577699057131	0.578624594881943	1	activation_opening
LHX2	MA0700.2	0.0675	0.0685338951542942	0.983820389348877	0.581333521716686	1	activation_opening
TAL1::TCF3	MA0091.1	0.089	0.0902218366588177	0.985132575292463	0.582265253694005	1	activation_opening
MYC	MA0147.3	0.073	0.0741107943983145	0.983829556957001	0.583130113729351	1	activation_opening
ESX1	MA0644.1	0.052	0.0529185772710373	0.981687581087586	0.583474828774342	1	activation_opening
ZBTB7C	MA0695.1	0.092	0.0933201140166068	0.984418482758023	0.586363039044427	1	activation_opening
ZNF143	MA0088.2	0.109	0.110546536125914	0.984295974915023	0.591593403360472	1	activation_opening
GMEB2	MA0862.1	0.0085	0.00879910769612096	0.965709602577508	0.593884605204265	1	activation_opening
OVOL2	MA1545.1	0.0115	0.01189738505391	0.966204364156667	0.595315335624497	1	activation_opening
KLF16	MA0741.1	0.2705	0.273144131862684	0.986731154287969	0.603866656844453	1	activation_opening
MEOX1	MA0661.1	0.049	0.0501920931961829	0.975021284632829	0.605164634400865	1	activation_opening
POU2F3	MA0627.2	0.1595	0.161730078076589	0.983589466940589	0.607346658742285	1	activation_opening
GATA4	MA0482.2	0.106	0.107943983145371	0.979850704830152	0.612428915106634	1	activation_opening
GFI1	MA0038.2	0.115	0.117114884124427	0.979589841261142	0.616820580487629	1	activation_opening
MAX::MYC	MA0059.1	0.069	0.0706407237575908	0.9750468550708	0.617167277734021	1	activation_opening
HOXC13	MA0907.1	0.0575	0.0589912008923039	0.973173736907744	0.61734233797077	1	activation_opening
NR4A2	MA0160.1	0.076	0.077952658321973	0.972883247077694	0.630007013310014	1	activation_opening
SREBF1(var.2)	MA0829.2	0.1095	0.111909778163341	0.975811330883786	0.633369292626416	1	activation_opening
VENTX	MA0724.1	0.0275	0.0287520138802826	0.955209531584575	0.642024014227427	1	activation_opening
NR2C2	MA0504.1	0.1665	0.169661668112529	0.977631707243222	0.643268243808534	1	activation_opening
CREB3L4(var.2)	MA1475.1	0.0265	0.0277605651257901	0.953340405098032	0.645184268075638	1	activation_opening
MEF2C	MA0497.1	0.305	0.309084149213038	0.980988477518593	0.647778565724668	1	activation_opening
SP3	MA0746.2	0.23	0.233857974965919	0.978576777730828	0.65252756758946	1	activation_opening
EVX2	MA0888.1	0.0365	0.0381707770479613	0.954555080354377	0.657563072784994	1	activation_opening
MZF1	MA0056.2	0.1225	0.125666129631925	0.971275359055609	0.66139035055627	1	activation_opening
SMAD2::SMAD3::SMAD4	MA0513.1	0.214	0.21811872598835	0.975977662957852	0.665413304892947	1	activation_opening
ZNF682	MA1599.1	0.149	0.152683108191845	0.971638428796517	0.670617241720009	1	activation_opening
POU2F2	MA0507.1	0.1755	0.179576155657454	0.972471856229646	0.675498242764799	1	activation_opening
HLF	MA0043.3	0.0705	0.0732432767381336	0.959688239648951	0.678890162654327	1	activation_opening
XBP1	MA0844.1	0.0255	0.0271409096542322	0.937992363873652	0.681718443691055	1	activation_opening
TGIF1	MA0796.1	0.094	0.0972859090345768	0.96270245285493	0.685181271296059	1	activation_opening
RAX	MA0718.1	0.047	0.0494485066303136	0.948018438766864	0.692973273732977	1	activation_opening
MEIS3	MA0775.1	0.123	0.12690544057504	0.96488974546164	0.69298791330492	1	activation_opening
E2F8	MA0865.1	0.0965	0.100012393109431	0.961109896006729	0.693889572876156	1	activation_opening
TFAP2A	MA0003.4	0.1905	0.195315404635023	0.969545790591427	0.697033978956173	1	activation_opening
TFEB	MA0692.1	0.0675	0.0705167926632792	0.954100556612976	0.697201295511753	1	activation_opening
VEZF1	MA1578.1	0.1165	0.120461023670839	0.962760725598834	0.699426853869682	1	activation_opening
MEOX2	MA0706.1	0.066	0.0690296195315405	0.95298764970586	0.699728050991968	1	activation_opening
RHOXF1	MA0719.1	0.0335	0.0356921551617301	0.936482340053658	0.703509866436503	1	activation_opening
PAX4	MA0068.2	0.0485	0.0511835419506754	0.944932065733573	0.705257631947276	1	activation_opening
PITX3	MA0714.1	0.048	0.0506878175734292	0.944333289388081	0.706407446253888	1	activation_opening
YY1	MA0095.2	0.155	0.159747180567604	0.96480637480397	0.70914177241396	1	activation_opening
PBX1	MA0070.1	0.06	0.0630809270045855	0.948076448608617	0.710548371739917	1	activation_opening
TFAP4	MA0691.1	0.0965	0.100384186392366	0.957150029740134	0.710993738999139	1	activation_opening
PAX3(var.2)	MA1546.1	0.0365	0.0389143636138307	0.935634412598113	0.712076102028253	1	activation_opening
E2F7	MA0758.1	0.067	0.0703928615689677	0.948373245361667	0.717938320351828	1	activation_opening
BACH2(var.2)	MA1470.1	0.0425	0.0452348494237204	0.936884819097686	0.720060171500246	1	activation_opening
SOX4	MA0867.2	0.161	0.166315528566117	0.961935447209539	0.726977189199043	1	activation_opening
HSF1	MA0486.2	0.0925	0.096666253563019	0.952539642495447	0.727297464994461	1	activation_opening
NR2F1(var.3)	MA1538.1	0.0545	0.0577518899491883	0.94047409691806	0.72868269015172	1	activation_opening
PHOX2A	MA0713.1	0.069	0.0727475523608873	0.944696074584675	0.73356796364732	1	activation_opening
STAT1::STAT2	MA0517.1	0.4185	0.425951171148841	0.969915052826517	0.735104027081279	1	activation_opening
MEF2A	MA0052.4	0.3185	0.325566984756475	0.96814907781654	0.735649329665181	1	activation_opening
PAX6	MA0069.1	0.064	0.0676663774941133	0.942138829946816	0.736330997648721	1	activation_opening
SNAI2	MA0745.2	0.215	0.221340934440451	0.963508191312992	0.739195824334962	1	activation_opening
ZNF16	MA1654.1	0.1675	0.173379600941876	0.959287456444301	0.743447301882577	1	activation_opening
SNAI3	MA1559.1	0.2135	0.220101623497335	0.96186684184415	0.747799068386922	1	activation_opening
ISL2	MA0914.1	0.057	0.0607262362126658	0.934949738200848	0.750406170764277	1	activation_opening
MYBL1	MA0776.1	0.018	0.0200768372784732	0.894669382906707	0.751581825221132	1	activation_opening
KLF13	MA0657.1	0.083	0.0874953525839633	0.943994629439207	0.751852240620135	1	activation_opening
SMAD5	MA1557.1	0.0295	0.0322220845210063	0.912961589591515	0.753777760962264	1	activation_opening
TEAD1	MA0090.3	0.121	0.126409716197794	0.95133596266934	0.754538809533962	1	activation_opening
CDX2	MA0465.2	0.128	0.133597719667865	0.951970649513431	0.756489303251465	1	activation_opening
E2F3	MA0469.3	0.011	0.0126409716197794	0.868754711723837	0.757279045441836	1	activation_opening
GCM1	MA0646.1	0.0505	0.0541578882141529	0.928881006332506	0.758552437157147	1	activation_opening
HOXB7	MA1501.1	0.05	0.0537860949312182	0.925914030435495	0.766510530167386	1	activation_opening
PRDM4	MA1647.1	0.227	0.234477630437477	0.958746483187378	0.769206601299263	1	activation_opening
NFIB	MA1643.1	0.1805	0.187383814599083	0.955175084016887	0.769890863367618	1	activation_opening
HESX1	MA0894.1	0.034	0.0371793282934688	0.911485356199973	0.770131695869596	1	activation_opening
NR1D1	MA1531.1	0.1315	0.137563514685835	0.949262923450395	0.770766234898266	1	activation_opening
IRF6	MA1509.1	0.02	0.0224315280703929	0.889400471277945	0.771067051676607	1	activation_opening
E2F1	MA0024.3	0.0095	0.0111537984880406	0.850319599402645	0.773457377367567	1	activation_opening
OLIG2	MA0678.1	0.044	0.0477134713099517	0.918597203575179	0.775506098025121	1	activation_opening
OVOL1	MA1544.1	0.0105	0.0122691783368447	0.854286471191835	0.775875523741849	1	activation_opening
ZNF740	MA0753.2	0.284	0.292353451480977	0.960094205787453	0.777272645280402	1	activation_opening
HES6	MA1493.1	0.075	0.079935555830958	0.933259694881473	0.78110656706555	1	activation_opening
FOSL2::JUN(var.2)	MA1131.1	0.0475	0.0515553352336101	0.917425447082673	0.786060779540431	1	activation_opening
NFIX	MA0671.1	0.1085	0.114512331143884	0.941114978392841	0.787136397310038	1	activation_opening
LBX2	MA0699.1	0.057	0.0614698227785351	0.922896427699798	0.787899791747321	1	activation_opening
GSC2	MA0891.1	0.049	0.0531664394596604	0.917604211682791	0.788573086228681	1	activation_opening
NKX6-1	MA0674.1	0.036	0.0396579501797001	0.904327115792873	0.793254238484225	1	activation_opening
PDX1	MA0132.2	0.036	0.0396579501797001	0.904327115792873	0.793254238484225	1	activation_opening
VAX2	MA0723.1	0.036	0.0396579501797001	0.904327115792873	0.793254238484225	1	activation_opening
DRGX	MA1481.1	0.036	0.0396579501797001	0.904327115792873	0.793254238484225	1	activation_opening
HOXB6	MA1500.1	0.036	0.0396579501797001	0.904327115792873	0.793254238484225	1	activation_opening
LHX5	MA1519.1	0.036	0.0396579501797001	0.904327115792873	0.793254238484225	1	activation_opening
GSX2	MA0893.2	0.036	0.0396579501797001	0.904327115792873	0.793254238484225	1	activation_opening
KLF14	MA0740.1	0.134	0.140785723137935	0.944348627709594	0.793485889168865	1	activation_opening
HOXD13	MA0909.2	0.0945	0.100384186392366	0.935272369219969	0.796070324519033	1	activation_opening
NR6A1	MA1541.1	0.1085	0.114884124426819	0.937672931690915	0.800383208291422	1	activation_opening
ONECUT2	MA0756.1	0.066	0.071136448134837	0.922699649809823	0.802884056685076	1	activation_opening
HOXA4	MA1496.1	0.04	0.0441194695749164	0.902748113116785	0.80757123246608	1	activation_opening
HOXB4	MA1499.1	0.04	0.0441194695749164	0.902748113116785	0.80757123246608	1	activation_opening
ZBTB12	MA1649.1	0.1235	0.130499442310076	0.938812999672811	0.808287233375813	1	activation_opening
CLOCK	MA0819.1	0.0415	0.0457305738009667	0.903493022659039	0.80942925270544	1	activation_opening
IRF3	MA1418.1	0.2995	0.309455942495972	0.95407201150701	0.8133702384945	1	activation_opening
PKNOX2	MA0783.1	0.1155	0.122567852274136	0.934811733610815	0.81709758954376	1	activation_opening
PLAG1	MA0163.1	0.2615	0.271285165448011	0.951159216765679	0.818792351043019	1	activation_opening
PPARA::RXRA	MA1148.1	0.1065	0.11339695129508	0.931935949061338	0.819657329081814	1	activation_opening
ATOH7	MA1468.1	0.0585	0.0638245135704548	0.91140079944272	0.823609233037917	1	activation_opening
NR2F6(var.3)	MA1539.1	0.0535	0.0586194076093692	0.907739564751501	0.824359353600132	1	activation_opening
FIGLA	MA0820.1	0.158	0.166439459660429	0.939785474490469	0.827407413718991	1	activation_opening
RXRG	MA0856.1	0.1035	0.110546536125914	0.928905368884146	0.827440550596425	1	activation_opening
HNF4A(var.2)	MA1494.1	0.0895	0.0962944602800843	0.922512695737742	0.834022615119235	1	activation_opening
NFYB	MA0502.2	0.0915	0.0984012888833808	0.922809960146244	0.835301136981985	1	activation_opening
ZBTB7B	MA0694.1	0.079	0.0855124550749783	0.917317648574997	0.83734590827953	1	activation_opening
E2F2	MA0864.2	0.0145	0.0173503532036188	0.833316283295227	0.837791992560766	1	activation_opening
ARGFX	MA1463.1	0.0555	0.0610980294956005	0.903001789487803	0.840481387634214	1	activation_opening
ZBTB18	MA0698.1	0.157	0.165943735283183	0.936072870046253	0.841429611634251	1	activation_opening
OLIG3	MA0827.1	0.0485	0.0537860949312182	0.896720515680086	0.842051204685712	1	activation_opening
KLF2	MA1515.1	0.2625	0.273391994051307	0.945980025150954	0.843497663845199	1	activation_opening
ZSCAN29	MA1602.1	0.042	0.0469698847440823	0.889561772425578	0.843746710112467	1	activation_opening
MEIS2(var.2)	MA1640.1	0.1025	0.110050811748668	0.923559713571747	0.844261077744594	1	activation_opening
HOXA13	MA0650.2	0.1035	0.111166191597472	0.923084661662054	0.846753416733903	1	activation_opening
NFIC::TLX1	MA0119.1	0.1505	0.159623249473293	0.932726389088478	0.850017468149353	1	activation_opening
REST	MA0138.2	0.1455	0.154542074606519	0.9315357029497	0.851160411732799	1	activation_opening
HES5	MA0821.1	0.0745	0.0814227289626967	0.90814299599578	0.857360520752623	1	activation_opening
NR2F1(var.2)	MA1537.1	0.1065	0.114636262238196	0.920573684782196	0.857504648250114	1	activation_opening
THRB(var.2)	MA1575.1	0.06	0.0663031354566861	0.898876481010091	0.858900633541658	1	activation_opening
LMX1B	MA0703.2	0.068	0.0747304498698724	0.903375384927428	0.860523461066189	1	activation_opening
NR5A1	MA1540.1	0.1185	0.127277233857975	0.921775975886045	0.864228693993334	1	activation_opening
BHLHE41	MA0636.1	0.0275	0.0319742223323832	0.856124578026282	0.865968744823806	1	activation_opening
ZNF410	MA0752.1	0.064	0.0707646548519023	0.897880036452041	0.867983192313453	1	activation_opening
EN1	MA0027.2	0.011	0.013880282562895	0.790202453655456	0.86901300022587	1	activation_opening
HEY2	MA0649.1	0.0465	0.0524228528937911	0.881519352306206	0.871853034437953	1	activation_opening
OSR1	MA1542.1	0.0835	0.0913372165076218	0.906386571908388	0.873604963346063	1	activation_opening
HEY1	MA0823.1	0.0455	0.0514314041392986	0.879187729625473	0.874440955225502	1	activation_opening
GLIS1	MA0735.1	0.0535	0.0599826496467964	0.885826894209612	0.87713028454508	1	activation_opening
TFCP2	MA0145.3	0.0365	0.0421365720659313	0.86117672315422	0.8861754259401	1	activation_opening
EVX1	MA0887.1	0.0365	0.0421365720659313	0.86117672315422	0.8861754259401	1	activation_opening
HOXA10	MA0899.1	0.1345	0.144875449250217	0.917263098760852	0.889813446554553	1	activation_opening
KLF6	MA1517.1	0.1795	0.191225678522741	0.925270309745989	0.891273251495738	1	activation_opening
TGIF2	MA0797.1	0.09	0.0988970132606271	0.901150236878878	0.894157298291025	1	activation_opening
HIF1A	MA1106.1	0.0245	0.0293716693518404	0.829987579367631	0.895837429245369	1	activation_opening
PRDM1	MA0508.3	0.26	0.273639856239931	0.932640119224454	0.895858528538295	1	activation_opening
TFE3	MA0831.2	0.057	0.0643202379477011	0.879323401307559	0.896983224027716	1	activation_opening
VSX1	MA0725.1	0.0345	0.0402776056512579	0.851444014868369	0.897050402856202	1	activation_opening
VSX2	MA0726.1	0.0345	0.0402776056512579	0.851444014868369	0.897050402856202	1	activation_opening
ESRRA	MA0592.3	0.1225	0.132854133101995	0.911193236184567	0.897940948169951	1	activation_opening
TFAP2B(var.2)	MA0812.1	0.1155	0.125666129631925	0.908547762429479	0.899393232453625	1	activation_opening
ZNF460	MA1596.1	0.47	0.485685958607015	0.939099272011322	0.900051275999167	1	activation_opening
E2F4	MA0470.2	0.0125	0.0161110422605032	0.773049222412014	0.901512598937547	1	activation_opening
MYF6	MA0667.1	0.0775	0.0862560416408477	0.889970745842316	0.905024529677125	1	activation_opening
NEUROD1	MA1109.1	0.148	0.159747180567604	0.913699439299706	0.908134951445207	1	activation_opening
NKX2-8	MA0673.1	0.111	0.121452472425332	0.903202176530698	0.908879892050934	1	activation_opening
NR2F1	MA0017.2	0.1685	0.180939397694882	0.917328583405795	0.90932551821078	1	activation_opening
RORC	MA1151.1	0.075	0.083901350848928	0.885316362112221	0.911480244760921	1	activation_opening
INSM1	MA0155.1	0.1615	0.173875325319123	0.915127431617973	0.911726321077098	1	activation_opening
TWIST1	MA1123.2	0.126	0.1371917214029	0.90667212516203	0.911880559065145	1	activation_opening
BCL6B	MA0731.1	0.104	0.114388400049572	0.898652382768708	0.913417246459018	1	activation_opening
MITF	MA0620.3	0.049	0.0565125790060726	0.86022783024025	0.916695864773733	1	activation_opening
NR2C2(var.2)	MA1536.1	0.0655	0.0741107943983145	0.875680578904427	0.917186198415697	1	activation_opening
MEIS1	MA0498.2	0.116	0.127277233857975	0.899780183287251	0.920509299323474	1	activation_opening
ZNF317	MA1593.1	0.1565	0.169289874829595	0.910442545551047	0.920988229574947	1	activation_opening
VAX1	MA0722.1	0.057	0.0653116867021936	0.865059163406355	0.922734875317645	1	activation_opening
HOXD4	MA1507.1	0.057	0.0653116867021936	0.865059163406355	0.922734875317645	1	activation_opening
RXRB	MA0855.1	0.105	0.115999504275623	0.894062820894918	0.924006362691636	1	activation_opening
DPRX	MA1480.1	0.05	0.0578758210434998	0.856770586118529	0.924017371410183	1	activation_opening
HOXC4	MA1504.1	0.095	0.105589292353451	0.889196515376067	0.92507819598123	1	activation_opening
GRHL1	MA0647.1	0.0555	0.064072375759078	0.858360247224651	0.930853657913381	1	activation_opening
HOXB3	MA0903.1	0.0565	0.065187755607882	0.858760444297503	0.931800650176097	1	activation_opening
SREBF2	MA0596.1	0.123	0.135332754988227	0.896101180763843	0.932970199855913	1	activation_opening
GSC	MA0648.1	0.0435	0.051307473044987	0.840924892760416	0.934333268354561	1	activation_opening
HES7	MA0822.1	0.071	0.0808030734911389	0.869420642394353	0.934865481013997	1	activation_opening
RFX4	MA0799.1	0.064	0.0733672078324452	0.863608113720587	0.935131744374938	1	activation_opening
NR2F2	MA1111.1	0.1085	0.120461023670839	0.888633605250127	0.937090463289767	1	activation_opening
FOXF2	MA0030.1	0.1	0.111661915974718	0.883968353356275	0.938838422347192	1	activation_opening
RORA(var.2)	MA0072.1	0.0765	0.0868756971124055	0.870688386684815	0.939018586524272	1	activation_opening
MAX	MA0058.3	0.04	0.0477134713099517	0.831618223877712	0.939041672656304	1	activation_opening
BARHL1	MA0877.2	0.008	0.0116495228652869	0.684225125795218	0.941052774273645	1	activation_opening
RFX2	MA0600.2	0.0455	0.0537860949312182	0.838615783041746	0.941057822620459	1	activation_opening
SCRT1	MA0743.2	0.095	0.106580741107944	0.879949673541637	0.94151985555577	1	activation_opening
NEUROG2(var.2)	MA1642.1	0.146	0.159995042756228	0.897585712600602	0.943041586573337	1	activation_opening
HAND2	MA1638.1	0.121	0.133969512950799	0.889876152552561	0.94322256391585	1	activation_opening
RFX7	MA1554.1	0.048	0.0566365101003842	0.839837163713399	0.943869148099355	1	activation_opening
HNF4G	MA0484.2	0.112	0.124674680877432	0.885528104439684	0.94486187936791	1	activation_opening
KLF10	MA1511.1	0.2205	0.237204114512331	0.909659334379436	0.946793934932777	1	activation_opening
PAX7	MA0680.1	0.0235	0.0298673937290866	0.781701510240984	0.948377011223293	1	activation_opening
TFAP2E	MA1569.1	0.096	0.108191845333994	0.875359164625174	0.94938443357886	1	activation_opening
TEAD4	MA0809.2	0.1115	0.124674680877432	0.88107939907762	0.951532095322763	1	activation_opening
TCF7	MA0769.2	0.1335	0.147725864419383	0.888876849438874	0.951809509384234	1	activation_opening
NR2C1	MA1535.1	0.0905	0.102614946089974	0.870203727816432	0.95245953817581	1	activation_opening
SP4	MA0685.1	0.1565	0.171768496715826	0.89463011356307	0.952906912405858	1	activation_opening
PAX5	MA0014.3	0.0545	0.0641963068533895	0.84026832407617	0.953061343303611	1	activation_opening
RARA::RXRA	MA0159.1	0.102	0.114884124426819	0.87512607793657	0.953985518673331	1	activation_opening
HES1	MA1099.2	0.047	0.0561407857231379	0.829168144242082	0.954372091265741	1	activation_opening
HOXB13	MA0901.2	0.182	0.198413681992812	0.898872536746953	0.955153247971508	1	activation_opening
ALX3	MA0634.1	0.0555	0.0654356177965051	0.839255972951943	0.955490113602621	1	activation_opening
SMAD3	MA0795.1	0.032	0.0397818812740117	0.797939381283809	0.95678692133353	1	activation_opening
ZSCAN4	MA1155.1	0.172	0.188251332259264	0.895752109959629	0.956898474595394	1	activation_opening
GSX1	MA0892.1	0.053	0.0628330648159623	0.834763142224827	0.95704718820715	1	activation_opening
NR3C1	MA0113.3	0.0435	0.0525467839881026	0.820021774368961	0.958051504532397	1	activation_opening
PROP1	MA0715.1	0.059	0.0694014128144752	0.840746047923941	0.958141910300771	1	activation_opening
NR1H2::RXRA	MA0115.1	0.098	0.11104226050316	0.869799925993331	0.95840226602929	1	activation_opening
GATA1::TAL1	MA0140.2	0.087	0.0993927376378733	0.863448717408443	0.958482261562466	1	activation_opening
MNX1	MA0707.1	0.0705	0.0817945222456314	0.851457985515776	0.958491335018587	1	activation_opening
RORA	MA0071.1	0.0795	0.0915850786962449	0.856663986550858	0.960546542462196	1	activation_opening
ONECUT3	MA0757.1	0.098	0.111290122691783	0.867621079364472	0.96110396367908	1	activation_opening
TFDP1	MA1122.1	0.0765	0.0884868013384558	0.853329624418569	0.961776909661344	1	activation_opening
NKX2-3	MA0672.1	0.092	0.105093567976205	0.862801504819411	0.962821025605678	1	activation_opening
GATA5	MA0766.2	0.0805	0.0929483207336721	0.854363048700812	0.963866703624169	1	activation_opening
GRHL2	MA1105.2	0.1085	0.122691783368447	0.870266514898097	0.964170971915381	1	activation_opening
SOX8	MA0868.2	0.0875	0.100508117486677	0.858181151686756	0.964872278844612	1	activation_opening
SNAI1	MA1558.1	0.2045	0.222952038666501	0.895962561251715	0.965900992677811	1	activation_opening
RORB	MA1150.1	0.072	0.0841492130375511	0.844437605708445	0.967116500108995	1	activation_opening
HNF4A	MA0114.4	0.11	0.124674680877432	0.867763344035667	0.967792724803896	1	activation_opening
IRF2	MA0051.1	0.2125	0.231751146362622	0.894516406057905	0.969633753097081	1	activation_opening
TEF	MA0843.1	0.026	0.0338331887470566	0.762318797853928	0.970014923175646	1	activation_opening
YY2	MA0748.2	0.033	0.0418887098773082	0.780581806826545	0.971929638377753	1	activation_opening
RARA::RXRG	MA1149.1	0.0905	0.104597843598959	0.851823317294525	0.97297424339948	1	activation_opening
SHOX	MA0630.1	0.0295	0.0380468459536498	0.768554167501682	0.973261675284611	1	activation_opening
UNCX	MA0721.1	0.0295	0.0380468459536498	0.768554167501682	0.973261675284611	1	activation_opening
LMX1A	MA0702.2	0.0295	0.0380468459536498	0.768554167501682	0.973261675284611	1	activation_opening
ZNF449	MA1656.1	0.143	0.160490767133474	0.87284750225474	0.975761335051886	1	activation_opening
KLF9	MA1107.2	0.3425	0.365968521502045	0.902448050841886	0.976499716182063	1	activation_opening
ESR1	MA0112.3	0.1145	0.130623373404387	0.86062131025278	0.976731584764976	1	activation_opening
ZNF148	MA1653.1	0.3735	0.397570950551493	0.903392913641867	0.977373210739101	1	activation_opening
NFIC	MA0161.2	0.1275	0.144503655967282	0.865151409907183	0.977644538274853	1	activation_opening
ZBTB14	MA1650.1	0.066	0.0791919692650886	0.821665389967545	0.980310792092226	1	activation_opening
BARHL2	MA0635.1	0.039	0.0496963688189367	0.776053281997118	0.98254446803326	1	activation_opening
BHLHE40	MA0464.2	0.027	0.0360639484446648	0.74172099841295	0.982611542940293	1	activation_opening
ONECUT1	MA0679.2	0.12	0.137563514685835	0.854931321281125	0.982988688136264	1	activation_opening
BARX1	MA0875.1	0.06	0.073119345643822	0.809143788964644	0.983482089383081	1	activation_opening
THAP11	MA1573.1	0.1215	0.139298550006197	0.854573322258677	0.983677009468187	1	activation_opening
PAX3	MA0780.1	0.026	0.0350724996901723	0.734442126981549	0.984033643233421	1	activation_opening
SREBF1	MA0595.1	0.116	0.133845581856488	0.849192657855116	0.985404073228705	1	activation_opening
ZKSCAN5	MA1652.1	0.2615	0.285661172388152	0.885462194470852	0.985726588261504	1	activation_opening
FOXL1	MA0033.2	0.226	0.249101499566241	0.880178188601154	0.985833473403692	1	activation_opening
CENPB	MA0637.1	0.0155	0.0229272524476391	0.670981404103424	0.98639710547171	1	activation_opening
MIXL1	MA0662.1	0.043	0.0547775436857107	0.775355425480632	0.986543750246013	1	activation_opening
OTX1	MA0711.1	0.036	0.0469698847440823	0.757750996716866	0.987132970197816	1	activation_opening
NR3C2	MA0727.1	0.043	0.0549014747800223	0.773504030333063	0.987260311894063	1	activation_opening
DBP	MA0639.1	0.023	0.0320981534266948	0.709907190879063	0.988053924801699	1	activation_opening
SOX10	MA0442.2	0.162	0.18317015739249	0.86209961170319	0.988136199179761	1	activation_opening
FOXA1	MA0148.4	0.106	0.123931094311563	0.838178014023441	0.988390348366539	1	activation_opening
TFEC	MA0871.2	0.0615	0.0757218986243649	0.799896197408487	0.988526113732947	1	activation_opening
SP1	MA0079.4	0.1865	0.20931961829223	0.865989331977266	0.98959229949903	1	activation_opening
IRF1	MA0050.2	0.5595	0.587805180319742	0.890695392300215	0.989817415898697	1	activation_opening
BARX2	MA1471.1	0.095	0.112529433634899	0.827891360797739	0.989837869275265	1	activation_opening
KLF17	MA1514.1	0.21	0.233981906060231	0.870257408864682	0.990062169125079	1	activation_opening
ZIC3	MA0697.1	0.127	0.146858346759202	0.845127163773964	0.990119049725553	1	activation_opening
SRY	MA0084.1	0.049	0.0622134093444045	0.776691599855136	0.990126163972956	1	activation_opening
SOX9	MA0077.1	0.0625	0.0773330028504152	0.795428076821232	0.990596336271018	1	activation_opening
ESR2	MA0258.2	0.121	0.140909654232247	0.83927645468956	0.991354552426142	1	activation_opening
ARNT2	MA1464.1	0.032	0.043375883009047	0.729094315913798	0.992165746273138	1	activation_opening
ATOH1(var.2)	MA1467.1	0.109	0.128392613706779	0.830501671838368	0.992194175122371	1	activation_opening
BHLHA15(var.2)	MA1472.1	0.095	0.11339695129508	0.82075602021096	0.992415208418415	1	activation_opening
TEAD3	MA0808.1	0.071	0.0872474903953402	0.799566942068647	0.99241653731476	1	activation_opening
PHOX2B	MA0681.2	0.13	0.150948072871483	0.84050735662543	0.992463382033993	1	activation_opening
NFIX(var.2)	MA1528.1	0.107	0.126533647292106	0.827148700829771	0.992899906140982	1	activation_opening
FOXI1	MA0042.2	0.1355	0.15702069649275	0.841482733380341	0.992955655199646	1	activation_opening
FOXO4	MA0848.1	0.1355	0.15702069649275	0.841482733380341	0.992955655199646	1	activation_opening
FOXO6	MA0849.1	0.1355	0.15702069649275	0.841482733380341	0.992955655199646	1	activation_opening
FOXP3	MA0850.1	0.1355	0.15702069649275	0.841482733380341	0.992955655199646	1	activation_opening
PLAGL2	MA1548.1	0.121	0.141777171892428	0.833300000928088	0.993409010038771	1	activation_opening
ZFP57	MA1583.1	0.0185	0.0277605651257901	0.66015703927295	0.9937402761999	1	activation_opening
TCFL5	MA0632.2	0.036	0.048457057875821	0.733352607293731	0.993820624994279	1	activation_opening
TFAP2C(var.3)	MA0815.1	0.096	0.115131986615442	0.816200832395618	0.99394812064449	1	activation_opening
SCRT2	MA0744.2	0.092	0.110794398314537	0.813201560524733	0.993950297657816	1	activation_opening
ZIC5	MA1584.1	0.1205	0.141529309703805	0.831077749469622	0.993986103426821	1	activation_opening
ZEB1	MA0103.3	0.2545	0.28231503284174	0.867829269045843	0.994311313356351	1	activation_opening
ARNT::HIF1A	MA0259.1	0.0155	0.0242904944850663	0.632445561486415	0.994653272667681	1	activation_opening
MAZ	MA1522.1	0.253	0.281075721898624	0.866271477372547	0.994741715242879	1	activation_opening
FOXA3	MA1683.1	0.103	0.12368323212294	0.813593543452134	0.995690586863368	1	activation_opening
FOXK2	MA1103.2	0.103	0.123931094311563	0.811737098246015	0.996051592206158	1	activation_opening
FERD3L	MA1485.1	0.099	0.119593506010658	0.808907297107164	0.996055081230618	1	activation_opening
MLX	MA0663.1	0.023	0.0339571198413682	0.669760320655628	0.99609480154726	1	activation_opening
MSC	MA0665.1	0.1135	0.135332754988227	0.818042259777716	0.996122269627879	1	activation_opening
TEAD2	MA1121.1	0.098	0.118602057256166	0.807443539400691	0.996188483578814	1	activation_opening
HINFP	MA0131.2	0.0505	0.066055273268063	0.752013224072933	0.996253511857353	1	activation_opening
HES2	MA0616.2	0.0405	0.0546536125913992	0.730127703688144	0.996306798987404	1	activation_opening
EBF1	MA0154.4	0.167	0.19271285165448	0.839850392382929	0.996480359288194	1	activation_opening
RARA(var.2)	MA0730.1	0.091	0.111290122691783	0.799455271717223	0.996612355210537	1	activation_opening
ZBTB6	MA1581.1	0.197	0.22443921179824	0.847747025511966	0.996624971810853	1	activation_opening
NRF1	MA0506.1	0.0575	0.0742347254926261	0.760843453166332	0.996690103812101	1	activation_opening
EBF3	MA1637.1	0.1535	0.178708637997274	0.833386134907806	0.996792686128537	1	activation_opening
ZNF384	MA1125.1	0.433	0.466972363365969	0.8717052982079	0.997083000753011	1	activation_opening
SOHLH2	MA1560.1	0.026	0.0380468459536498	0.674947700250427	0.99709374180882	1	activation_opening
NFIC(var.2)	MA1527.1	0.1375	0.162101871359524	0.824062516441779	0.997223859112784	1	activation_opening
FOXG1	MA0613.1	0.033	0.0467220225554592	0.69631318134859	0.997622323724911	1	activation_opening
FOXO3	MA0157.2	0.033	0.0467220225554592	0.69631318134859	0.997622323724911	1	activation_opening
FOXN3	MA1489.1	0.033	0.0467220225554592	0.69631318134859	0.997622323724911	1	activation_opening
ZIC4	MA0751.1	0.1185	0.142396827363986	0.809647689655245	0.997830905023776	1	activation_opening
MLXIPL	MA0664.1	0.0225	0.0343289131243029	0.647526517676917	0.997931882223534	1	activation_opening
OTX2	MA0712.2	0.0685	0.0881150080555211	0.761051085702348	0.998321433495783	1	activation_opening
MNT	MA0825.1	0.0395	0.0550254058743339	0.706277804353951	0.998360157831929	1	activation_opening
TCF7L1	MA1421.1	0.1305	0.156401041021192	0.80956611759829	0.998505499601877	1	activation_opening
NHLH2	MA1529.1	0.1225	0.147973726608006	0.803845339236559	0.998615487983194	1	activation_opening
MTF1	MA0863.1	0.061	0.0803073491138927	0.743992941955281	0.998755786406157	1	activation_opening
FOXE1	MA1487.1	0.1355	0.162349733548147	0.808725346632956	0.998774794815558	1	activation_opening
TFAP2B(var.3)	MA0813.1	0.103	0.127525096046598	0.785630004803344	0.998974631858134	1	activation_opening
HOXA9	MA0594.2	0.0055	0.012764902714091	0.427741113887182	0.99903366549128	1	activation_opening
TCF7L2	MA0523.1	0.164	0.194200024786219	0.814016573814691	0.999218970053826	1	activation_opening
TFAP2B	MA0811.1	0.1135	0.139918205477754	0.78704490168068	0.999279955865175	1	activation_opening
SOX18	MA1563.1	0.065	0.0860081794522246	0.738792509318247	0.999284629308474	1	activation_opening
TFAP2C	MA0524.2	0.1105	0.136943859214277	0.782942712226597	0.999362630700269	1	activation_opening
TCF4	MA0830.2	0.225	0.259387780394101	0.828925574612223	0.999371390587991	1	activation_opening
MYF5	MA1641.1	0.0905	0.115131986615442	0.764796719503296	0.99942646264832	1	activation_opening
ZIC1	MA0696.1	0.1315	0.160242904944851	0.793503099812079	0.99945616211284	1	activation_opening
SOX15	MA1152.1	0.171	0.202875201388028	0.810509939227578	0.999484602283739	1	activation_opening
TFAP2A(var.2)	MA0810.1	0.1365	0.165819804188871	0.79526505026273	0.999487831372876	1	activation_opening
KLF3	MA1516.1	0.1855	0.218738381459908	0.813476650452606	0.999554274923778	1	activation_opening
TCF3	MA0522.3	0.1745	0.207336720783245	0.808186060803944	0.999600285257934	1	activation_opening
FOXA2	MA0047.3	0.0995	0.126037922914859	0.766212472418563	0.999613574942492	1	activation_opening
E2F6	MA0471.2	0.226	0.262114264468955	0.821974353014173	0.999633516346261	1	activation_opening
RFX5	MA0510.2	0.0455	0.0650638245135705	0.685014811571069	0.999694238579279	1	activation_opening
FOXD2	MA0847.2	0.1275	0.157516420869996	0.781627612028242	0.999711001995044	1	activation_opening
MYOD1	MA0499.2	0.1755	0.20931961829223	0.804079903268116	0.999711259145101	1	activation_opening
FOXP2	MA0593.1	0.1245	0.155037798983765	0.775056333711637	0.99979099229092	1	activation_opening
FOXK1	MA0852.2	0.0915	0.118602057256166	0.748507581658999	0.999798824908669	1	activation_opening
FOXP1	MA0481.3	0.109	0.138554963440327	0.760632795160926	0.999836691981706	1	activation_opening
ASCL1(var.2)	MA1631.1	0.2185	0.257652745073739	0.805599599980598	0.999886960148927	1	activation_opening
TFAP2A(var.3)	MA0872.1	0.092	0.120832816953774	0.737243136314762	0.999907812097034	1	activation_opening
RREB1	MA0073.1	0.35	0.395216259759574	0.824002656707964	0.999915203992647	1	activation_opening
NHLH1	MA0048.2	0.1255	0.158755731813112	0.760501781479039	0.999930869616777	1	activation_opening
TCF12(var.2)	MA1648.1	0.195	0.235840872474904	0.784868898851729	0.999965521923254	1	activation_opening
LEF1	MA0768.1	0.142	0.179328293468831	0.75744246569082	0.99997606765435	1	activation_opening
ZNF528	MA1597.1	0.1485	0.187383814599083	0.756292984770681	0.999984086701773	1	activation_opening
EWSR1-FLI1	MA0149.1	0.335	0.385177841120337	0.804120367921834	0.999986560847708	1	activation_opening
BHLHE22(var.2)	MA1635.1	0.114	0.149708761928368	0.73083562223596	0.999987550602836	1	activation_opening
FOXC2	MA0846.1	0.1735	0.215268310819185	0.765238867012948	0.999987958697307	1	activation_opening
FOXB1	MA0845.1	0.118	0.156277109926881	0.722352661394652	0.99999553710929	1	activation_opening
KLF15	MA1513.1	0.102	0.139298550006197	0.70187824160489	0.999997517556968	1	activation_opening
ZNF263	MA0528.2	0.307	0.360887346635271	0.784551636901821	0.999997710135137	1	activation_opening
FOXC1	MA0032.2	0.1195	0.161482215887966	0.704734742761024	0.999999271745605	1	activation_opening
RUNX3	MA0684.2	0.1285	0.174618911884992	0.696954955890147	0.999999851586404	1	activation_opening
RUNX2	MA0511.2	0.104	0.147106208947825	0.672962638791904	0.999999887985457	1	activation_opening
SPIC	MA0687.1	0.1945	0.250960465980915	0.720720617353607	0.999999969803283	1	activation_opening
MYOG	MA0500.2	0.088	0.130995166687322	0.6401135795242	0.999999977674764	1	activation_opening
ASCL1	MA1100.2	0.118	0.166315528566117	0.670643629557971	0.999999981634218	1	activation_opening
SPI1	MA0080.5	0.379	0.459908290990209	0.716737945793011	0.999999999975902	1	activation_opening
SPDEF	MA0686.1	0.03	0.0663031354566861	0.435587600428559	0.999999999988874	1	activation_opening
ELF2	MA1483.1	0.051	0.0961705291857727	0.505072664803607	0.999999999995861	1	activation_opening
SPIB	MA0081.2	0.3055	0.387656463006568	0.694869793937067	0.999999999997504	1	activation_opening
ETV3	MA0763.1	0.0345	0.0744825876812492	0.444072082658724	0.999999999998144	1	activation_opening
ELF4	MA0641.1	0.0635	0.123435369934317	0.481544086472391	1	1	activation_opening
CTCF	MA0139.1	0.1415	0.347998512826868	0.308854839812869	1	1	activation_opening
ELK4	MA0076.2	0.0745	0.182550501920932	0.360490300758903	1	1	activation_opening
ELF5	MA0136.2	0.1005	0.187507745693394	0.484163330184372	1	1	activation_opening
ETV6	MA0645.1	0.071	0.158879662907423	0.40463563031154	1	1	activation_opening
FLI1	MA0475.2	0.0385	0.111909778163341	0.317763873180454	1	1	activation_opening
ELK3	MA0759.1	0.027	0.0793159003594002	0.322120131442489	1	1	activation_opening
ERF	MA0760.1	0.0375	0.106456810013632	0.327022447109381	1	1	activation_opening
ERG	MA0474.2	0.044	0.123311438840005	0.327275180708915	1	1	activation_opening
ETS1	MA0098.3	0.0455	0.133721650762176	0.308865869525794	1	1	activation_opening
ETV2	MA0762.1	0.058	0.149213037551122	0.351103006214006	1	1	activation_opening
FEV	MA0156.2	0.032	0.0891064568100136	0.337943238410787	1	1	activation_opening
ELK1	MA0028.2	0.0245	0.073986863304003	0.314355160919012	1	1	activation_opening
ZBTB7A	MA0750.2	0.098	0.202131614822159	0.428891551794972	1	1	activation_opening
ETS2	MA1484.1	0.0405	0.120213161482216	0.308913536729132	1	1	activation_opening
IKZF1	MA1508.1	0.28	0.393976948816458	0.598228078832087	1	1	activation_opening
CTCFL	MA1102.2	0.1775	0.274879167183046	0.56931669692457	1	1	activation_opening
EHF	MA0598.3	0.198	0.344776304374768	0.469222635241762	1	1	activation_opening
ELF1	MA0473.3	0.216	0.359524104597844	0.490848877237151	1	1	activation_opening
ELF3	MA0640.2	0.2105	0.349857479241542	0.495508218601814	1	1	activation_opening
ETV1	MA0761.2	0.19	0.36001982897509	0.417017702845978	1	1	activation_opening
ETV4	MA0764.2	0.2065	0.364233486181683	0.454288912905453	1	1	activation_opening
ETV5	MA0765.2	0.0575	0.145742966910398	0.357627759099612	1	1	activation_opening
GABPA	MA0062.3	0.214	0.368942867765522	0.465737595018291	1	1	activation_opening
