gene	profile	window	p12	nsnp	PP.H3	PP.H4	H3H4	ratio	pass
PARP1	CD4_Naive_stim_40h	±100 kb	1e-06	397	0.994563416079417	0.00543516337930034	0.999998579458717	0.00543517110018527	FALSE
PARP1	CD4_Naive_stim_40h	±100 kb	5e-06	397	0.973401041307078	0.0265975683779957	0.999998609685073	0.0265976053570435	FALSE
PARP1	CD4_Naive_stim_40h	±100 kb	1e-05	397	0.948181713351447	0.051816932354553	0.999998645706	0.0518170025300086	FALSE
PARP1	CD4_Naive_stim_40h	±100 kb	5e-05	397	0.785394730801245	0.214604147414443	0.999998878215688	0.214604388154279	FALSE
PARP1	CD4_Naive_stim_40h	±250 kb	1e-06	745	0.994602777599474	0.00539580181483694	0.999998579414311	0.00539580948004667	FALSE
PARP1	CD4_Naive_stim_40h	±250 kb	5e-06	745	0.973589591657196	0.0264090177701362	0.999998609427332	0.0264090544938456	FALSE
PARP1	CD4_Naive_stim_40h	±250 kb	1e-05	745	0.948539592697959	0.0514590525081501	0.999998645206109	0.0514591222246545	FALSE
PARP1	CD4_Naive_stim_40h	±250 kb	5e-05	745	0.786623908625463	0.213374967843929	0.999998876469391	0.213375207577506	FALSE
PARP1	CD4_Naive_stim_40h	±500 kb	1e-06	847	0.994608134163407	0.00539044524407734	0.999998579407484	0.00539045290171439	FALSE
PARP1	CD4_Naive_stim_40h	±500 kb	5e-06	847	0.97361525527399	0.0263833541174848	0.999998609391475	0.026383390806453	FALSE
PARP1	CD4_Naive_stim_40h	±500 kb	1e-05	847	0.948588313877259	0.0514103312600389	0.999998645137298	0.0514104009140736	FALSE
PARP1	CD4_Naive_stim_40h	±500 kb	5e-05	847	0.786791472866661	0.213207403364042	0.999998876230704	0.213207642960245	FALSE
PARP1	CD4_Naive_stim_40h	full cis	1e-06	847	0.994608134163407	0.00539044524407734	0.999998579407484	0.00539045290171439	FALSE
PARP1	CD4_Naive_stim_40h	full cis	5e-06	847	0.97361525527399	0.0263833541174848	0.999998609391475	0.026383390806453	FALSE
PARP1	CD4_Naive_stim_40h	full cis	1e-05	847	0.948588313877259	0.0514103312600389	0.999998645137298	0.0514104009140736	FALSE
PARP1	CD4_Naive_stim_40h	full cis	5e-05	847	0.786791472866661	0.213207403364042	0.999998876230704	0.213207642960245	FALSE
ZFYVE19	CD4_Naive_stim_5d	±100 kb	1e-06	110	0.0417101770890236	0.85813331359568	0.899843490684704	0.953647298090376	TRUE
ZFYVE19	CD4_Naive_stim_5d	±100 kb	5e-06	110	0.00941000883586877	0.967994219498736	0.977404228334605	0.990372449225125	TRUE
ZFYVE19	CD4_Naive_stim_5d	±100 kb	1e-05	110	0.00478152259932226	0.983736852382924	0.988518374982247	0.995162940092633	TRUE
ZFYVE19	CD4_Naive_stim_5d	±100 kb	5e-05	110	0.000968910548081403	0.996704494239255	0.997673404787337	0.999028829932288	TRUE
ZFYVE19	CD4_Naive_stim_5d	±250 kb	1e-06	380	0.0406041060535091	0.868069019185604	0.908673125239113	0.955314947778582	TRUE
ZFYVE19	CD4_Naive_stim_5d	±250 kb	5e-06	380	0.00907906966313336	0.970500260147069	0.979579329810202	0.990731664718882	TRUE
ZFYVE19	CD4_Naive_stim_5d	±250 kb	1e-05	380	0.00460749478026242	0.985029314408347	0.989636809188609	0.995344256865263	TRUE
ZFYVE19	CD4_Naive_stim_5d	±250 kb	5e-05	380	0.000932669112892613	0.996969568775212	0.997902237888104	0.999065370256242	TRUE
ZFYVE19	CD4_Naive_stim_5d	±500 kb	1e-06	442	0.0414257459690916	0.867262865387431	0.908688611356523	0.954411505271041	TRUE
ZFYVE19	CD4_Naive_stim_5d	±500 kb	5e-06	442	0.0092694716821915	0.970298588916554	0.979568060598746	0.990537184647971	TRUE
ZFYVE19	CD4_Naive_stim_5d	±500 kb	1e-05	442	0.00470460250762739	0.984925426404646	0.989630028912273	0.995246099683537	TRUE
ZFYVE19	CD4_Naive_stim_5d	±500 kb	5e-05	442	0.00095240619535309	0.99694828261022	0.997900688805573	0.999045590201473	TRUE
ZFYVE19	CD4_Naive_stim_5d	full cis	1e-06	442	0.0414257459690916	0.867262865387431	0.908688611356523	0.954411505271041	TRUE
ZFYVE19	CD4_Naive_stim_5d	full cis	5e-06	442	0.0092694716821915	0.970298588916554	0.979568060598746	0.990537184647971	TRUE
ZFYVE19	CD4_Naive_stim_5d	full cis	1e-05	442	0.00470460250762739	0.984925426404646	0.989630028912273	0.995246099683537	TRUE
ZFYVE19	CD4_Naive_stim_5d	full cis	5e-05	442	0.00095240619535309	0.99694828261022	0.997900688805573	0.999045590201473	TRUE
TPI1	CD4_Naive_stim_16h	±100 kb	1e-06	193	0.0834342885253611	0.0888094291772232	0.172243717702584	0.515603299567487	FALSE
TPI1	CD4_Naive_stim_16h	±100 kb	5e-06	193	0.0615643200426682	0.327652588480533	0.389216908523201	0.841825165622273	FALSE
TPI1	CD4_Naive_stim_16h	±100 kb	1e-05	193	0.0463708055682904	0.49358181699555	0.53995262256384	0.914120603122346	TRUE
TPI1	CD4_Naive_stim_16h	±100 kb	5e-05	193	0.0155903508223386	0.829736899346652	0.84532725016899	0.981557023248426	TRUE
TPI1	CD4_Naive_stim_16h	±250 kb	1e-06	463	0.0893385570914162	0.0882842647271242	0.17762282181854	0.497032215923895	FALSE
TPI1	CD4_Naive_stim_16h	±250 kb	5e-06	463	0.0660232875178815	0.326220703756123	0.392243991274005	0.83167801422926	FALSE
TPI1	CD4_Naive_stim_16h	±250 kb	1e-05	463	0.049783031836926	0.491955377912893	0.541738409749819	0.908105035675952	TRUE
TPI1	CD4_Naive_stim_16h	±250 kb	5e-05	463	0.0167742674690777	0.828815641340781	0.845589908809859	0.980162644688266	TRUE
TPI1	CD4_Naive_stim_16h	±500 kb	1e-06	467	0.0894185880424545	0.0882764823885882	0.177695070431043	0.496786332757865	FALSE
TPI1	CD4_Naive_stim_16h	±500 kb	5e-06	467	0.0660839525490105	0.326199451426771	0.392283403975782	0.831540279605888	FALSE
TPI1	CD4_Naive_stim_16h	±500 kb	1e-05	467	0.0498295731293774	0.491931211516992	0.54176078464637	0.908022923508753	TRUE
TPI1	CD4_Naive_stim_16h	±500 kb	5e-05	467	0.0167904963276492	0.82880192240323	0.845592418730879	0.980143511275977	TRUE
TPI1	CD4_Naive_stim_16h	full cis	1e-06	467	0.0894185880424545	0.0882764823885882	0.177695070431043	0.496786332757865	FALSE
TPI1	CD4_Naive_stim_16h	full cis	5e-06	467	0.0660839525490105	0.326199451426771	0.392283403975782	0.831540279605888	FALSE
TPI1	CD4_Naive_stim_16h	full cis	1e-05	467	0.0498295731293774	0.491931211516992	0.54176078464637	0.908022923508753	TRUE
TPI1	CD4_Naive_stim_16h	full cis	5e-05	467	0.0167904963276492	0.82880192240323	0.845592418730879	0.980143511275977	TRUE
VPS9D1-AS1	CD4_Naive_stim_16h	±100 kb	1e-06	747	0.956893718251633	0.000767290887369668	0.957661009139002	0.000801213456585761	FALSE
VPS9D1-AS1	CD4_Naive_stim_16h	±100 kb	5e-06	747	0.95396584106478	0.00382471575865468	0.957790556823435	0.00399326943809048	FALSE
VPS9D1-AS1	CD4_Naive_stim_16h	±100 kb	1e-05	747	0.950331094750761	0.00762028608901936	0.95795138083978	0.00795477332298336	FALSE
VPS9D1-AS1	CD4_Naive_stim_16h	±100 kb	5e-05	747	0.92222075091396	0.0369744081721216	0.959195159086081	0.0385473256634768	FALSE
VPS9D1-AS1	CD4_Naive_stim_16h	±250 kb	1e-06	1468	0.966408140098802	0.00061392765721701	0.967022067756019	0.000634864164622047	FALSE
VPS9D1-AS1	CD4_Naive_stim_16h	±250 kb	5e-06	1468	0.964040735019155	0.00306211860887036	0.967102853628025	0.00316628019179451	FALSE
VPS9D1-AS1	CD4_Naive_stim_16h	±250 kb	1e-05	1468	0.961097739745353	0.00610554132602917	0.967203281071382	0.00631257300871228	FALSE
VPS9D1-AS1	CD4_Naive_stim_16h	±250 kb	5e-05	1468	0.938185225092257	0.0297999278657576	0.967985152958014	0.030785521631911	FALSE
VPS9D1-AS1	CD4_Naive_stim_16h	±500 kb	1e-06	1494	0.967060750278243	0.000603429765187069	0.967664180043431	0.000623594194795952	FALSE
VPS9D1-AS1	CD4_Naive_stim_16h	±500 kb	5e-06	1494	0.964732157880244	0.00300988381200761	0.967742041692252	0.00311021293106616	FALSE
VPS9D1-AS1	CD4_Naive_stim_16h	±500 kb	1e-05	1494	0.961837139843242	0.00600170319472494	0.967838843037967	0.00620113899942896	FALSE
VPS9D1-AS1	CD4_Naive_stim_16h	±500 kb	5e-05	1494	0.939287832698164	0.0293049964112931	0.968592829109457	0.0302552275120979	FALSE
VPS9D1-AS1	CD4_Naive_stim_16h	full cis	1e-06	1494	0.967060750278243	0.000603429765187069	0.967664180043431	0.000623594194795952	FALSE
VPS9D1-AS1	CD4_Naive_stim_16h	full cis	5e-06	1494	0.964732157880244	0.00300988381200761	0.967742041692252	0.00311021293106616	FALSE
VPS9D1-AS1	CD4_Naive_stim_16h	full cis	1e-05	1494	0.961837139843242	0.00600170319472494	0.967838843037967	0.00620113899942896	FALSE
VPS9D1-AS1	CD4_Naive_stim_16h	full cis	5e-05	1494	0.939287832698164	0.0293049964112931	0.968592829109457	0.0302552275120979	FALSE
SPATA33	CD4_Naive_stim_40h	±100 kb	1e-06	693	0.999999996842064	8.93709954042069e-11	0.999999996931435	8.93709956784476e-11	FALSE
SPATA33	CD4_Naive_stim_40h	±100 kb	5e-06	693	0.999999996484576	4.46854976861284e-10	0.999999996931431	4.46854978232489e-10	FALSE
SPATA33	CD4_Naive_stim_40h	±100 kb	1e-05	693	0.999999996037729	8.93709953323219e-10	0.999999996931439	8.93709956065622e-10	FALSE
SPATA33	CD4_Naive_stim_40h	±100 kb	5e-05	693	0.999999992462875	4.46854975064176e-09	0.999999996931425	4.46854976435384e-09	FALSE
SPATA33	CD4_Naive_stim_40h	±250 kb	1e-06	1376	0.999999999313047	2.79208727794912e-11	0.999999999340968	2.79208727978919e-11	FALSE
SPATA33	CD4_Naive_stim_40h	±250 kb	5e-06	1376	0.99999999920135	1.39604363881861e-10	0.999999999340954	1.39604363973866e-10	FALSE
SPATA33	CD4_Naive_stim_40h	±250 kb	1e-05	1376	0.999999999061743	2.79208727724742e-10	0.999999999340951	2.79208727908755e-10	FALSE
SPATA33	CD4_Naive_stim_40h	±250 kb	5e-05	1376	0.99999999794494	1.39604363706463e-09	0.999999999340984	1.39604363798465e-09	FALSE
SPATA33	CD4_Naive_stim_40h	±500 kb	1e-06	1376	0.999999999313047	2.79208727794912e-11	0.999999999340968	2.79208727978919e-11	FALSE
SPATA33	CD4_Naive_stim_40h	±500 kb	5e-06	1376	0.99999999920135	1.39604363881861e-10	0.999999999340954	1.39604363973866e-10	FALSE
SPATA33	CD4_Naive_stim_40h	±500 kb	1e-05	1376	0.999999999061743	2.79208727724742e-10	0.999999999340951	2.79208727908755e-10	FALSE
SPATA33	CD4_Naive_stim_40h	±500 kb	5e-05	1376	0.99999999794494	1.39604363706463e-09	0.999999999340984	1.39604363798465e-09	FALSE
SPATA33	CD4_Naive_stim_40h	full cis	1e-06	1376	0.999999999313047	2.79208727794912e-11	0.999999999340968	2.79208727978919e-11	FALSE
SPATA33	CD4_Naive_stim_40h	full cis	5e-06	1376	0.99999999920135	1.39604363881861e-10	0.999999999340954	1.39604363973866e-10	FALSE
SPATA33	CD4_Naive_stim_40h	full cis	1e-05	1376	0.999999999061743	2.79208727724742e-10	0.999999999340951	2.79208727908755e-10	FALSE
SPATA33	CD4_Naive_stim_40h	full cis	5e-05	1376	0.99999999794494	1.39604363706463e-09	0.999999999340984	1.39604363798465e-09	FALSE
CHMP1A	CD4_Naive_stim_40h	±100 kb	1e-06	482	0.983750919747103	0.00014451124129464	0.983895430988398	0.000146876626055136	FALSE
CHMP1A	CD4_Naive_stim_40h	±100 kb	5e-06	482	0.983182595997658	0.000722138777788548	0.983904734775447	0.000733951928743751	FALSE
CHMP1A	CD4_Naive_stim_40h	±100 kb	1e-05	482	0.982473114063855	0.00144323533937306	0.983916349403228	0.00146682727677858	FALSE
CHMP1A	CD4_Naive_stim_40h	±100 kb	5e-05	482	0.976833909190072	0.00717475724404118	0.984008666434113	0.00729135574592177	FALSE
CHMP1A	CD4_Naive_stim_40h	±250 kb	1e-06	1258	0.990928063678507	8.24288374466568e-05	0.991010492515954	8.31765536986278e-05	FALSE
CHMP1A	CD4_Naive_stim_40h	±250 kb	5e-06	1258	0.990601447175856	0.000412008341758763	0.991013455517614	0.000415744447731608	FALSE
CHMP1A	CD4_Naive_stim_40h	±250 kb	1e-05	1258	0.990193479202475	0.000823677321590119	0.991017156524065	0.000831143352229259	FALSE
CHMP1A	CD4_Naive_stim_40h	±250 kb	5e-05	1258	0.986941792912262	0.00410486228007723	0.991046655192339	0.00414194655576591	FALSE
CHMP1A	CD4_Naive_stim_40h	±500 kb	1e-06	1337	0.991017277006806	8.16033578077468e-05	0.991098880364613	8.23362425530396e-05	FALSE
CHMP1A	CD4_Naive_stim_40h	±500 kb	5e-06	1337	0.990693901211204	0.000407883650336877	0.991101784861541	0.000411545672268019	FALSE
CHMP1A	CD4_Naive_stim_40h	±500 kb	1e-05	1337	0.990289978120046	0.000815434698192453	0.991105412818239	0.000822752744204816	FALSE
CHMP1A	CD4_Naive_stim_40h	±500 kb	5e-05	1337	0.987070412265145	0.00406391805180205	0.991134330316947	0.00410026968847147	FALSE
CHMP1A	CD4_Naive_stim_40h	full cis	1e-06	1337	0.991017277006806	8.16033578077468e-05	0.991098880364613	8.23362425530396e-05	FALSE
CHMP1A	CD4_Naive_stim_40h	full cis	5e-06	1337	0.990693901211204	0.000407883650336877	0.991101784861541	0.000411545672268019	FALSE
CHMP1A	CD4_Naive_stim_40h	full cis	1e-05	1337	0.990289978120046	0.000815434698192453	0.991105412818239	0.000822752744204816	FALSE
CHMP1A	CD4_Naive_stim_40h	full cis	5e-05	1337	0.987070412265145	0.00406391805180205	0.991134330316947	0.00410026968847147	FALSE
CDK10	CD4_Naive_stim_40h	±100 kb	1e-06	517	0.221460415554245	0.00668336213600432	0.228143777690249	0.0292945185867761	FALSE
CDK10	CD4_Naive_stim_40h	±100 kb	5e-06	517	0.215694166648893	0.0325467244954461	0.248240891144339	0.131109441097365	FALSE
CDK10	CD4_Naive_stim_40h	±100 kb	1e-05	517	0.20889530859177	0.0630416497836468	0.271936958375417	0.231824501385413	FALSE
CDK10	CD4_Naive_stim_40h	±100 kb	5e-05	517	0.166827088932207	0.251730280248717	0.418557369180924	0.601423601121463	FALSE
CDK10	CD4_Naive_stim_40h	±250 kb	1e-06	1294	0.665550863458483	0.00284387715400344	0.668394740612487	0.0042547868515504	FALSE
CDK10	CD4_Naive_stim_40h	±250 kb	5e-06	1294	0.658065038938143	0.0140594523486881	0.672124491286831	0.0209179289416612	FALSE
CDK10	CD4_Naive_stim_40h	±250 kb	1e-05	1294	0.648941279935788	0.0277290494479878	0.676670329383775	0.0409786689971168	FALSE
CDK10	CD4_Naive_stim_40h	±250 kb	5e-05	1294	0.584149624630209	0.124802615638796	0.708952240269005	0.176038114487713	FALSE
CDK10	CD4_Naive_stim_40h	±500 kb	1e-06	1459	0.744205248439226	0.00217333959384096	0.746378588033067	0.00291184611762292	FALSE
CDK10	CD4_Naive_stim_40h	±500 kb	5e-06	1459	0.737791363708257	0.0107730440366009	0.748564407744858	0.0143916060196557	FALSE
CDK10	CD4_Naive_stim_40h	±500 kb	1e-05	1459	0.729927819168802	0.0213164450717399	0.751244264240542	0.0283748523435176	FALSE
CDK10	CD4_Naive_stim_40h	±500 kb	5e-05	1459	0.672579779467306	0.0982084087554309	0.770788188222736	0.127412965398286	FALSE
CDK10	CD4_Naive_stim_40h	full cis	1e-06	1459	0.744205248439226	0.00217333959384096	0.746378588033067	0.00291184611762292	FALSE
CDK10	CD4_Naive_stim_40h	full cis	5e-06	1459	0.737791363708257	0.0107730440366009	0.748564407744858	0.0143916060196557	FALSE
CDK10	CD4_Naive_stim_40h	full cis	1e-05	1459	0.729927819168802	0.0213164450717399	0.751244264240542	0.0283748523435176	FALSE
CDK10	CD4_Naive_stim_40h	full cis	5e-05	1459	0.672579779467306	0.0982084087554309	0.770788188222736	0.127412965398286	FALSE
CTU2	CD4_Naive_stim_40h	±100 kb	1e-06	484	0.99911228914068	0.000165870672718384	0.999278159813398	0.000165990491325617	FALSE
CTU2	CD4_Naive_stim_40h	±100 kb	5e-06	484	0.99844983495748	0.000828803466837536	0.999278638424317	0.0008294017654019	FALSE
CTU2	CD4_Naive_stim_40h	±100 kb	1e-05	484	0.997623001555193	0.00165623424099424	0.999279235796187	0.00165742885638429	FALSE
CTU2	CD4_Naive_stim_40h	±100 kb	5e-05	484	0.991057309353041	0.00822667003456875	0.99928397938761	0.00823256472060154	FALSE
CTU2	CD4_Naive_stim_40h	±250 kb	1e-06	958	0.999481748532864	5.53708563617516e-05	0.999537119389226	5.53964983267318e-05	FALSE
CTU2	CD4_Naive_stim_40h	±250 kb	5e-06	958	0.999260428910156	0.000276792976752127	0.999537221886908	0.000276921129790047	FALSE
CTU2	CD4_Naive_stim_40h	±250 kb	1e-05	958	0.998983917177992	0.000553432767201188	0.999537349945193	0.000553688931415653	FALSE
CTU2	CD4_Naive_stim_40h	±250 kb	5e-05	958	0.996777320255462	0.0027610516102737	0.999538371865736	0.00276232677803048	FALSE
CTU2	CD4_Naive_stim_40h	±500 kb	1e-06	974	0.999485720280453	5.5282890178299e-05	0.999541003170631	5.53082765018512e-05	FALSE
CTU2	CD4_Naive_stim_40h	±500 kb	5e-06	974	0.999264751306431	0.000276353340446014	0.999541104646877	0.000276480215932336	FALSE
CTU2	CD4_Naive_stim_40h	±500 kb	1e-05	974	0.998988677448352	0.00055255398075367	0.999541231429105	0.000552807591502404	FALSE
CTU2	CD4_Naive_stim_40h	±500 kb	5e-05	974	0.996785566118283	0.00275667705225285	0.999542243170535	0.00275793951790242	FALSE
CTU2	CD4_Naive_stim_40h	full cis	1e-06	974	0.999485720280453	5.5282890178299e-05	0.999541003170631	5.53082765018512e-05	FALSE
CTU2	CD4_Naive_stim_40h	full cis	5e-06	974	0.999264751306431	0.000276353340446014	0.999541104646877	0.000276480215932336	FALSE
CTU2	CD4_Naive_stim_40h	full cis	1e-05	974	0.998988677448352	0.00055255398075367	0.999541231429105	0.000552807591502404	FALSE
CTU2	CD4_Naive_stim_40h	full cis	5e-05	974	0.996785566118283	0.00275667705225285	0.999542243170535	0.00275793951790242	FALSE
SMC2	CD4_Naive_stim_40h	±100 kb	1e-06	694	0.479658738514285	0.391776621769317	0.871435360283602	0.449576227480391	FALSE
SMC2	CD4_Naive_stim_40h	±100 kb	5e-06	694	0.18684800997889	0.763070452553309	0.949918462532198	0.803301001771448	TRUE
SMC2	CD4_Naive_stim_40h	±100 kb	1e-05	694	0.105978754115182	0.865615383036131	0.971594137151313	0.890922814308134	TRUE
SMC2	CD4_Naive_stim_40h	±100 kb	5e-05	694	0.0237489451397583	0.969885540526041	0.993634485665799	0.976098912142884	TRUE
SMC2	CD4_Naive_stim_40h	±250 kb	1e-06	1286	0.517999076343732	0.361074143366097	0.879073219709829	0.410744105576647	FALSE
SMC2	CD4_Naive_stim_40h	±250 kb	5e-06	1286	0.211921532749831	0.738605428011409	0.95052696076124	0.777048372641518	TRUE
SMC2	CD4_Naive_stim_40h	±250 kb	1e-05	1286	0.121891677855984	0.849652734440402	0.971544412296386	0.874538233853999	TRUE
SMC2	CD4_Naive_stim_40h	±250 kb	5e-05	1286	0.0277114024360637	0.965819376233329	0.993530778669392	0.972108159071653	TRUE
SMC2	CD4_Naive_stim_40h	±500 kb	1e-06	1289	0.517988094196404	0.361088701120258	0.879076795316663	0.410758995168546	FALSE
SMC2	CD4_Naive_stim_40h	±500 kb	5e-06	1289	0.211911991355273	0.738617610786913	0.950529602142186	0.777059030168348	TRUE
SMC2	CD4_Naive_stim_40h	±500 kb	1e-05	1289	0.121885335821118	0.849660795110212	0.97154613093133	0.874544983567298	TRUE
SMC2	CD4_Naive_stim_40h	±500 kb	5e-05	1289	0.0277097574913777	0.965821459317661	0.993531216809039	0.972109827026498	TRUE
SMC2	CD4_Naive_stim_40h	full cis	1e-06	1289	0.517988094196404	0.361088701120258	0.879076795316663	0.410758995168546	FALSE
SMC2	CD4_Naive_stim_40h	full cis	5e-06	1289	0.211911991355273	0.738617610786913	0.950529602142186	0.777059030168348	TRUE
SMC2	CD4_Naive_stim_40h	full cis	1e-05	1289	0.121885335821118	0.849660795110212	0.97154613093133	0.874544983567298	TRUE
SMC2	CD4_Naive_stim_40h	full cis	5e-05	1289	0.0277097574913777	0.965821459317661	0.993531216809039	0.972109827026498	TRUE
KIAA0040	CD4_Memory_stim_16h	±100 kb	1e-06	467	0.0855339957068605	0.343181013986635	0.428715009693496	0.800487517878108	FALSE
KIAA0040	CD4_Memory_stim_16h	±100 kb	5e-06	467	0.0360488593237357	0.723179362401102	0.759228221724838	0.952519073590496	TRUE
KIAA0040	CD4_Memory_stim_16h	±100 kb	1e-05	467	0.0209199692790568	0.839354716265188	0.860274685544245	0.975682221468807	TRUE
KIAA0040	CD4_Memory_stim_16h	±100 kb	5e-05	467	0.00480100030015478	0.963132926002842	0.967933926302996	0.995039950383295	TRUE
KIAA0040	CD4_Memory_stim_16h	±250 kb	1e-06	709	0.0884016454615838	0.342309551343287	0.430711196804871	0.794754243406323	FALSE
KIAA0040	CD4_Memory_stim_16h	±250 kb	5e-06	709	0.0373122657152411	0.722404253331239	0.75971651904648	0.950886594170584	TRUE
KIAA0040	CD4_Memory_stim_16h	±250 kb	1e-05	709	0.0216628968739928	0.838832407588478	0.860495304462471	0.974825084156008	TRUE
KIAA0040	CD4_Memory_stim_16h	±250 kb	5e-05	709	0.00497388228046299	0.962995316981685	0.967969199262148	0.994861528358284	TRUE
KIAA0040	CD4_Memory_stim_16h	±500 kb	1e-06	761	0.0892169591250625	0.34209076531677	0.431307724441832	0.793147782733266	FALSE
KIAA0040	CD4_Memory_stim_16h	±500 kb	5e-06	761	0.0376703051082596	0.722209299138769	0.759879604247029	0.950425955772839	TRUE
KIAA0040	CD4_Memory_stim_16h	±500 kb	1e-05	761	0.0218732445162719	0.838700963349724	0.860574207865996	0.974582965284874	TRUE
KIAA0040	CD4_Memory_stim_16h	±500 kb	5e-05	761	0.00502278523961532	0.962960665490276	0.967983450729891	0.994811083561575	TRUE
KIAA0040	CD4_Memory_stim_16h	full cis	1e-06	761	0.0892169591250625	0.34209076531677	0.431307724441832	0.793147782733266	FALSE
KIAA0040	CD4_Memory_stim_16h	full cis	5e-06	761	0.0376703051082596	0.722209299138769	0.759879604247029	0.950425955772839	TRUE
KIAA0040	CD4_Memory_stim_16h	full cis	1e-05	761	0.0218732445162719	0.838700963349724	0.860574207865996	0.974582965284874	TRUE
KIAA0040	CD4_Memory_stim_16h	full cis	5e-05	761	0.00502278523961532	0.962960665490276	0.967983450729891	0.994811083561575	TRUE
SPSB2	CD4_Memory_uns_0h	±100 kb	1e-06	190	0.082723644855026	0.0955520818810554	0.178275726736081	0.53597920272405	FALSE
SPSB2	CD4_Memory_uns_0h	±100 kb	5e-06	190	0.0598488977440894	0.345650073068963	0.405498970813052	0.852406782626135	FALSE
SPSB2	CD4_Memory_uns_0h	±100 kb	1e-05	190	0.0444758254332754	0.513729505146395	0.55820533057967	0.920323538675116	TRUE
SPSB2	CD4_Memory_uns_0h	±100 kb	5e-05	190	0.0145587623411086	0.840823717174447	0.855382479515556	0.982979821670706	TRUE
SPSB2	CD4_Memory_uns_0h	±250 kb	1e-06	462	0.0883739814790745	0.097465975433123	0.185839956912197	0.524461892117055	FALSE
SPSB2	CD4_Memory_uns_0h	±250 kb	5e-06	462	0.0635846296669153	0.350631365098517	0.414215994765432	0.846494026135029	FALSE
SPSB2	CD4_Memory_uns_0h	±250 kb	1e-05	462	0.0470777084776774	0.51921105071174	0.566288759189418	0.916866249393571	TRUE
SPSB2	CD4_Memory_uns_0h	±250 kb	5e-05	462	0.015300647473186	0.843739585890184	0.859040233363369	0.982188671870141	TRUE
SPSB2	CD4_Memory_uns_0h	±500 kb	1e-06	502	0.0894812002534051	0.0975621735387974	0.187043373792203	0.521601869987573	FALSE
SPSB2	CD4_Memory_uns_0h	±500 kb	5e-06	502	0.0643634485179502	0.350880291954105	0.415243740472055	0.844998389512673	FALSE
SPSB2	CD4_Memory_uns_0h	±500 kb	1e-05	502	0.0476455603811095	0.519483915849481	0.567129476230591	0.91598821366545	TRUE
SPSB2	CD4_Memory_uns_0h	±500 kb	5e-05	502	0.0154797128957889	0.843883649075354	0.859363361971143	0.981986999235943	TRUE
SPSB2	CD4_Memory_uns_0h	full cis	1e-06	502	0.0894812002534051	0.0975621735387974	0.187043373792203	0.521601869987573	FALSE
SPSB2	CD4_Memory_uns_0h	full cis	5e-06	502	0.0643634485179502	0.350880291954105	0.415243740472055	0.844998389512673	FALSE
SPSB2	CD4_Memory_uns_0h	full cis	1e-05	502	0.0476455603811095	0.519483915849481	0.567129476230591	0.91598821366545	TRUE
SPSB2	CD4_Memory_uns_0h	full cis	5e-05	502	0.0154797128957889	0.843883649075354	0.859363361971143	0.981986999235943	TRUE
